run_id,run_dir,phase,market,interval,codebook_size,min_volume,volume_filter,split_family,split_index,split_seed,train_symbols,val_symbols,test_symbols,train_candles,val_candles,test_candles,shape_val_train_l1,shape_test_train_l1,shape_val_train_max_diff,shape_test_train_max_diff,shape_train_entropy,shape_val_entropy,shape_test_entropy,shape_train_mean_sc,shape_val_mean_sc,shape_test_mean_sc,range_val_train_l1,range_test_train_l1,range_val_train_max_diff,range_test_train_max_diff,range_train_entropy,range_val_entropy,range_test_entropy,pair_val_train_l1,pair_test_train_l1,pair_val_train_max_diff,pair_test_train_max_diff,pair_train_entropy,pair_val_entropy,pair_test_entropy,kmeans_shape_val_train_l1,kmeans_shape_test_train_l1,kmeans_pair_val_train_l1,kmeans_pair_test_train_l1,kmeans_inertia_per_sample,kmeans_shape_mean_sc_train,kmeans_shape_mean_sc_val,kmeans_shape_mean_sc_test,notes
shape_token_range_bucket_NASDAQ_1m_k12,/Users/choeseoggyu/portfolio/finlabs/research/notebooks/01_shape_quantization/runs/phase_1b/shape_token_range_bucket_NASDAQ_1m_k12,1B,NASDAQ,1m,12,,,,,42,"[""AAPL"", ""MSFT"", ""NVDA"", ""TSLA"", ""AMZN"", ""META"", ""GOOGL"", ""AMD"", ""INTC"", ""RKLB"", ""AVGO""]","[""NFLX"", ""PLTR""]","[""MU"", ""QCOM"", ""MRVL""]",132000,24000,36000,0.0886818181818182,0.1075808080808081,0.0191780303030303,0.01885858585858586,3.468743,3.503848,3.478429,0.195891,0.196225,0.195,0.1373333333333333,0.6742777777777778,0.042458333333333334,0.18783333333333332,2.484184,2.386829,2.348427,0.19040151515151515,0.7119949494949496,0.0191780303030303,0.028242424242424246,5.904973,5.786859,5.682572,0.07718181818181814,0.09559595959595955,0.19665909090909092,0.7011464646464647,0.049058541962594696,0.20973451906171214,0.2147311970552247,0.21449035917241496,
shape_token_range_bucket_NASDAQ_1m_k12_random_00,/Users/choeseoggyu/portfolio/finlabs/research/notebooks/01_shape_quantization/runs/phase_1b/shape_token_range_bucket_NASDAQ_1m_k12_random_00,1B,NASDAQ,1m,12,,,random,0,0,"[""NFLX"", ""RKLB"", ""AAPL"", ""QCOM"", ""NVDA"", ""QQQ"", ""AVGO"", ""TSLA"", ""META"", ""MRVL"", ""SOXX"", ""GOOGL""]","[""AMD"", ""INTC""]","[""AMZN"", ""MSFT"", ""MU"", ""PLTR""]",144000,24000,48000,0.2339027777777778,0.13476388888888888,0.036576388888888894,0.026298611111111113,3.496803,3.432376,3.459218,0.195514,0.195339,0.196496,0.7025000000000001,0.175,0.1855416666666667,0.08293750000000001,2.484184,2.22484,2.442013,0.7053472222222222,0.21929166666666666,0.030361111111111113,0.026298611111111113,5.889635,5.617545,5.853916,0.2362638888888889,0.13043055555555555,0.7037083333333334,0.21695833333333336,0.04746518283420139,0.19316983305417867,0.19395801195535378,0.1951327064278613,
shape_token_range_bucket_NASDAQ_1m_k12_random_01,/Users/choeseoggyu/portfolio/finlabs/research/notebooks/01_shape_quantization/runs/phase_1b/shape_token_range_bucket_NASDAQ_1m_k12_random_01,1B,NASDAQ,1m,12,,,random,1,1,"[""AVGO"", ""META"", ""QCOM"", ""MRVL"", ""RKLB"", ""AAPL"", ""QQQ"", ""SOXX"", ""TSLA"", ""GOOGL"", ""NFLX"", ""MU""]","[""PLTR"", ""AMD""]","[""MSFT"", ""INTC"", ""NVDA"", ""AMZN""]",144000,24000,48000,0.19477777777777777,0.14830555555555558,0.03545138888888889,0.027222222222222224,3.242668,3.179016,3.18547,0.209916,0.212174,0.21054,0.42658333333333337,0.19933333333333328,0.14895833333333336,0.058958333333333335,2.484184,2.320829,2.406284,0.4562777777777778,0.22555555555555554,0.02876388888888889,0.027222222222222224,5.638084,5.461705,5.556151,0.20077777777777778,0.15990277777777778,0.4532222222222222,0.23025,0.047422003851996526,0.19318539959521205,0.1955965990151994,0.19443213407736692,
shape_token_range_bucket_NASDAQ_1m_k12_random_02,/Users/choeseoggyu/portfolio/finlabs/research/notebooks/01_shape_quantization/runs/phase_1b/shape_token_range_bucket_NASDAQ_1m_k12_random_02,1B,NASDAQ,1m,12,,,random,2,2,"[""SOXX"", ""PLTR"", ""AMD"", ""MRVL"", ""GOOGL"", ""AAPL"", ""INTC"", ""TSLA"", ""RKLB"", ""AMZN"", ""AVGO"", ""NFLX""]","[""QQQ"", ""MU""]","[""META"", ""QCOM"", ""NVDA"", ""MSFT""]",144000,24000,48000,0.14043055555555556,0.05362500000000001,0.025194444444444443,0.010694444444444444,3.498305,3.427252,3.490987,0.195777,0.195302,0.195724,0.3804305555555556,0.16300000000000006,0.1778402777777778,0.04746527777777779,2.484184,2.355777,2.434593,0.4505,0.19279166666666664,0.026090277777777778,0.010694444444444444,5.897143,5.764693,5.871662,0.15431944444444443,0.051083333333333335,0.4520694444444445,0.19313888888888886,0.04824176364474826,0.19390793141030363,0.1946727353598504,0.1942311600976366,
shape_token_range_bucket_NASDAQ_1m_k12_random_03,/Users/choeseoggyu/portfolio/finlabs/research/notebooks/01_shape_quantization/runs/phase_1b/shape_token_range_bucket_NASDAQ_1m_k12_random_03,1B,NASDAQ,1m,12,,,random,3,3,"[""INTC"", ""TSLA"", ""GOOGL"", ""META"", ""QQQ"", ""QCOM"", ""NVDA"", ""PLTR"", ""AAPL"", ""MSFT"", ""MU"", ""AVGO""]","[""MRVL"", ""RKLB""]","[""SOXX"", ""NFLX"", ""AMZN"", ""AMD""]",144000,24000,48000,0.12872222222222224,0.14693055555555556,0.017569444444444443,0.035861111111111114,3.473366,3.472484,3.495885,0.196707,0.194212,0.195263,0.7286666666666668,0.06458333333333327,0.19495833333333332,0.01735416666666667,2.484184,2.318864,2.436008,0.7734722222222222,0.20043055555555556,0.02627083333333333,0.035861111111111114,5.908988,5.637675,5.783553,0.10555555555555557,0.1222638888888889,0.7648333333333333,0.19558333333333333,0.04912501017252604,0.2109232900504412,0.2126361754227107,0.2132096751151449,
shape_token_range_bucket_NASDAQ_1m_k12_random_04,/Users/choeseoggyu/portfolio/finlabs/research/notebooks/01_shape_quantization/runs/phase_1b/shape_token_range_bucket_NASDAQ_1m_k12_random_04,1B,NASDAQ,1m,12,,,random,4,4,"[""PLTR"", ""QQQ"", ""META"", ""QCOM"", ""INTC"", ""SOXX"", ""AMZN"", ""MU"", ""AAPL"", ""AVGO"", ""MSFT"", ""NVDA""]","[""MRVL"", ""GOOGL""]","[""NFLX"", ""TSLA"", ""RKLB"", ""AMD""]",144000,24000,48000,0.07887499999999999,0.050361111111111106,0.011090277777777768,0.010979166666666665,3.48983,3.483303,3.494331,0.195677,0.192933,0.196141,0.13473611111111108,0.23102777777777778,0.050666666666666665,0.06625,2.484187,2.528923,2.520899,0.17556944444444442,0.23229166666666667,0.00829861111111111,0.010854166666666668,5.902503,5.915698,5.935635,0.07994444444444442,0.0502638888888889,0.1765972222222222,0.23262499999999997,0.048516398111979164,0.19433038929334812,0.1915861718046121,0.19496472294007774,
shape_token_range_bucket_NASDAQ_1m_k12_random_05,/Users/choeseoggyu/portfolio/finlabs/research/notebooks/01_shape_quantization/runs/phase_1b/shape_token_range_bucket_NASDAQ_1m_k12_random_05,1B,NASDAQ,1m,12,,,random,5,5,"[""AMZN"", ""RKLB"", ""GOOGL"", ""META"", ""SOXX"", ""QCOM"", ""MRVL"", ""MSFT"", ""NVDA"", ""QQQ"", ""AVGO"", ""TSLA""]","[""PLTR"", ""AMD""]","[""MU"", ""AAPL"", ""NFLX"", ""INTC""]",144000,24000,48000,0.17636111111111108,0.0649861111111111,0.03034722222222222,0.008395833333333338,3.475411,3.430635,3.467525,0.193272,0.195673,0.195392,0.46066666666666667,0.1800416666666667,0.14800000000000002,0.05081250000000001,2.484184,2.330078,2.511376,0.4902916666666667,0.2001388888888889,0.02401388888888889,0.008666666666666668,5.88239,5.716924,5.890092,0.17656944444444447,0.06904166666666663,0.4916388888888889,0.20472222222222222,0.04788340928819444,0.1932488198362787,0.19571208818569108,0.19545491788735217,
shape_token_range_bucket_NASDAQ_1m_k12_random_06,/Users/choeseoggyu/portfolio/finlabs/research/notebooks/01_shape_quantization/runs/phase_1b/shape_token_range_bucket_NASDAQ_1m_k12_random_06,1B,NASDAQ,1m,12,,,random,6,6,"[""AMZN"", ""MSFT"", ""NFLX"", ""TSLA"", ""PLTR"", ""MU"", ""GOOGL"", ""QCOM"", ""META"", ""AMD"", ""RKLB"", ""AVGO""]","[""MRVL"", ""SOXX""]","[""AAPL"", ""INTC"", ""QQQ"", ""NVDA""]",144000,24000,48000,0.27408333333333335,0.09334722222222222,0.06514583333333333,0.01430555555555555,3.355087,3.349254,3.297274,0.201701,0.196175,0.202177,0.18724999999999997,0.28125,0.06725,0.13808333333333334,2.484184,2.496025,2.351034,0.37274999999999997,0.32477777777777783,0.06514583333333333,0.02420138888888889,5.774313,5.601697,5.623692,0.27888888888888885,0.09493055555555552,0.3782777777777778,0.3257916666666667,0.0492149658203125,0.19452749342290077,0.18923507776207948,0.19503192593554494,
shape_token_range_bucket_NASDAQ_1m_k12_random_07,/Users/choeseoggyu/portfolio/finlabs/research/notebooks/01_shape_quantization/runs/phase_1b/shape_token_range_bucket_NASDAQ_1m_k12_random_07,1B,NASDAQ,1m,12,,,random,7,7,"[""SOXX"", ""NVDA"", ""RKLB"", ""QCOM"", ""AMD"", ""GOOGL"", ""NFLX"", ""TSLA"", ""MU"", ""META"", ""QQQ"", ""INTC""]","[""MSFT"", ""AAPL""]","[""MRVL"", ""PLTR"", ""AMZN"", ""AVGO""]",144000,24000,48000,0.06695833333333334,0.07980555555555557,0.019229166666666672,0.015937500000000007,3.459908,3.445696,3.465416,0.197034,0.196916,0.19612,0.5296666666666667,0.1469583333333333,0.14158333333333334,0.054854166666666676,2.484184,2.054646,2.436782,0.5580833333333334,0.19255555555555554,0.02042361111111111,0.007465277777777779,5.874117,5.45494,5.799741,0.067125,0.08434722222222218,0.55525,0.19243055555555558,0.048677866617838544,0.1946309231505482,0.19399267825125455,0.1932031134241066,
shape_token_range_bucket_NASDAQ_1m_k12_random_08,/Users/choeseoggyu/portfolio/finlabs/research/notebooks/01_shape_quantization/runs/phase_1b/shape_token_range_bucket_NASDAQ_1m_k12_random_08,1B,NASDAQ,1m,12,,,random,8,8,"[""AMZN"", ""RKLB"", ""AVGO"", ""GOOGL"", ""QQQ"", ""META"", ""MRVL"", ""INTC"", ""MU"", ""SOXX"", ""MSFT"", ""AAPL""]","[""QCOM"", ""TSLA""]","[""NVDA"", ""PLTR"", ""NFLX"", ""AMD""]",144000,24000,48000,0.05236111111111111,0.11230555555555552,0.008909722222222222,0.022951388888888882,3.494315,3.485493,3.492799,0.19333,0.193572,0.194842,0.2735000000000001,0.17679166666666668,0.06716666666666668,0.06441666666666668,2.484184,2.507409,2.411496,0.2827638888888889,0.20976388888888886,0.012840277777777777,0.013381944444444443,5.902368,5.90848,5.826681,0.045194444444444475,0.11361111111111108,0.2835972222222222,0.2067638888888889,0.04807046847873264,0.1932112596831573,0.19410024470338047,0.195518645865962,
shape_token_range_bucket_NASDAQ_1m_k12_random_09,/Users/choeseoggyu/portfolio/finlabs/research/notebooks/01_shape_quantization/runs/phase_1b/shape_token_range_bucket_NASDAQ_1m_k12_random_09,1B,NASDAQ,1m,12,,,random,9,9,"[""TSLA"", ""RKLB"", ""GOOGL"", ""QCOM"", ""PLTR"", ""AMZN"", ""MU"", ""MSFT"", ""AMD"", ""QQQ"", ""META"", ""AAPL""]","[""AVGO"", ""MRVL""]","[""NVDA"", ""INTC"", ""NFLX"", ""SOXX""]",144000,24000,48000,0.19263888888888892,0.10290277777777776,0.03752777777777778,0.03338194444444444,3.459257,3.474754,3.495363,0.19468,0.191565,0.194806,0.33591666666666664,0.07108333333333328,0.08375,0.019374999999999976,2.484184,2.461978,2.450843,0.4363333333333333,0.16406944444444443,0.03752777777777778,0.03338194444444444,5.900524,5.74325,5.805084,0.16056944444444446,0.10268055555555554,0.42219444444444443,0.1592222222222222,0.04887327745225695,0.2095962805327152,0.2108428928732121,0.2152946881343917,
shape_token_range_bucket_NASDAQ_1m_k12_random_10,/Users/choeseoggyu/portfolio/finlabs/research/notebooks/01_shape_quantization/runs/phase_1b/shape_token_range_bucket_NASDAQ_1m_k12_random_10,1B,NASDAQ,1m,12,,,random,10,10,"[""GOOGL"", ""MRVL"", ""META"", ""AVGO"", ""INTC"", ""PLTR"", ""SOXX"", ""QCOM"", ""NVDA"", ""AMZN"", ""NFLX"", ""AMD""]","[""TSLA"", ""AAPL""]","[""RKLB"", ""QQQ"", ""MU"", ""MSFT""]",144000,24000,48000,0.10481944444444447,0.09331944444444448,0.02086111111111111,0.025048611111111112,3.505227,3.470925,3.444914,0.197909,0.198366,0.198874,0.35244444444444445,0.26425,0.10504166666666664,0.08485416666666667,2.484184,2.237671,2.487457,0.420375,0.3143472222222222,0.02086111111111111,0.025048611111111112,5.894707,5.661519,5.911243,0.09784722222222224,0.09176388888888885,0.4159027777777778,0.3143472222222222,0.047950998942057295,0.19359859542155822,0.1952515799087875,0.19447160816254175,
shape_token_range_bucket_NASDAQ_1m_k12_random_11,/Users/choeseoggyu/portfolio/finlabs/research/notebooks/01_shape_quantization/runs/phase_1b/shape_token_range_bucket_NASDAQ_1m_k12_random_11,1B,NASDAQ,1m,12,,,random,11,11,"[""META"", ""AMZN"", ""GOOGL"", ""MSFT"", ""PLTR"", ""NFLX"", ""AAPL"", ""AVGO"", ""AMD"", ""QQQ"", ""NVDA"", ""TSLA""]","[""RKLB"", ""MU""]","[""INTC"", ""QCOM"", ""MRVL"", ""SOXX""]",144000,24000,48000,0.06698611111111112,0.16734722222222223,0.011618055555555548,0.03734722222222222,3.47051,3.441575,3.475575,0.195198,0.195344,0.193609,0.9358333333333333,0.651375,0.2627916666666667,0.17099999999999999,2.484184,2.132908,2.421805,0.9444027777777777,0.7415555555555555,0.0418125,0.03734722222222222,5.898421,5.515867,5.67746,0.05908333333333333,0.15086111111111108,0.9444027777777777,0.7318472222222222,0.04952483452690972,0.21157914393321178,0.20778819918085312,0.21200335415998828,
shape_token_range_bucket_NASDAQ_1m_k12_random_12,/Users/choeseoggyu/portfolio/finlabs/research/notebooks/01_shape_quantization/runs/phase_1b/shape_token_range_bucket_NASDAQ_1m_k12_random_12,1B,NASDAQ,1m,12,,,random,12,12,"[""MRVL"", ""SOXX"", ""QCOM"", ""MSFT"", ""MU"", ""PLTR"", ""RKLB"", ""TSLA"", ""AVGO"", ""AMZN"", ""AMD"", ""META""]","[""AAPL"", ""GOOGL""]","[""NVDA"", ""NFLX"", ""INTC"", ""QQQ""]",144000,24000,48000,0.053291666666666675,0.07863888888888888,0.014124999999999999,0.01613888888888889,3.468305,3.435525,3.442786,0.196412,0.19612,0.19722,0.6137500000000001,0.3550416666666667,0.17229166666666668,0.15664583333333332,2.484184,1.987876,2.295847,0.642,0.3856388888888889,0.029097222222222226,0.023909722222222228,5.87045,5.38472,5.700064,0.05202777777777776,0.08498611111111112,0.6434166666666667,0.38608333333333333,0.048331763373480906,0.19404363444579728,0.19340392079140833,0.19510868138327744,
shape_token_range_bucket_NASDAQ_1m_k12_random_13,/Users/choeseoggyu/portfolio/finlabs/research/notebooks/01_shape_quantization/runs/phase_1b/shape_token_range_bucket_NASDAQ_1m_k12_random_13,1B,NASDAQ,1m,12,,,random,13,13,"[""GOOGL"", ""PLTR"", ""QQQ"", ""AAPL"", ""MRVL"", ""AMD"", ""AMZN"", ""MSFT"", ""QCOM"", ""NFLX"", ""MU"", ""NVDA""]","[""SOXX"", ""TSLA""]","[""AVGO"", ""META"", ""RKLB"", ""INTC""]",144000,24000,48000,0.13802777777777775,0.024958333333333353,0.0426875,0.004291666666666666,3.489478,3.51234,3.49606,0.199458,0.197832,0.198752,0.15133333333333332,0.305,0.043208333333333335,0.08135416666666667,2.484184,2.364689,2.503142,0.23526388888888886,0.31583333333333335,0.0426875,0.010041666666666667,5.917697,5.710872,5.903301,0.14351388888888886,0.022097222222222213,0.24155555555555555,0.31769444444444445,0.04934744262695313,0.19397851467033647,0.19239355016837753,0.19385242618011678,
shape_token_range_bucket_NASDAQ_1m_k12_random_14,/Users/choeseoggyu/portfolio/finlabs/research/notebooks/01_shape_quantization/runs/phase_1b/shape_token_range_bucket_NASDAQ_1m_k12_random_14,1B,NASDAQ,1m,12,,,random,14,14,"[""NVDA"", ""INTC"", ""AVGO"", ""AAPL"", ""GOOGL"", ""MRVL"", ""META"", ""RKLB"", ""MU"", ""QQQ"", ""MSFT"", ""PLTR""]","[""SOXX"", ""NFLX""]","[""AMZN"", ""AMD"", ""QCOM"", ""TSLA""]",144000,24000,48000,0.3004444444444444,0.04169444444444449,0.0745625,0.007597222222222227,3.472348,3.438906,3.483129,0.196366,0.192124,0.195836,0.3316666666666666,0.16629166666666662,0.08949999999999997,0.059729166666666667,2.484184,2.245823,2.488965,0.4207777777777778,0.17779166666666663,0.0745625,0.010444444444444444,5.908334,5.484287,5.909287,0.2640277777777778,0.03886111111111114,0.416,0.17758333333333332,0.04925639512803819,0.2114486659615975,0.20316402095129504,0.21186512478773314,
shape_token_range_bucket_NASDAQ_1m_k12_random_15,/Users/choeseoggyu/portfolio/finlabs/research/notebooks/01_shape_quantization/runs/phase_1b/shape_token_range_bucket_NASDAQ_1m_k12_random_15,1B,NASDAQ,1m,12,,,random,15,15,"[""MRVL"", ""AMZN"", ""QQQ"", ""INTC"", ""AMD"", ""RKLB"", ""NFLX"", ""MU"", ""META"", ""SOXX"", ""AVGO"", ""PLTR""]","[""QCOM"", ""TSLA""]","[""NVDA"", ""MSFT"", ""AAPL"", ""GOOGL""]",144000,24000,48000,0.0492222222222222,0.09333333333333332,0.00784027777777778,0.020618055555555556,3.490847,3.483663,3.463393,0.195807,0.195457,0.196337,0.14208333333333334,0.4791249999999999,0.04029166666666667,0.14452083333333332,2.484184,2.519764,2.117832,0.16186111111111112,0.5331666666666667,0.010451388888888889,0.020618055555555556,5.890839,5.926973,5.540515,0.03895833333333333,0.09174999999999997,0.1585138888888889,0.5334861111111111,0.048126074896918405,0.19387642780625494,0.19446057109991596,0.19452378760277364,
shape_token_range_bucket_NASDAQ_1m_k12_random_16,/Users/choeseoggyu/portfolio/finlabs/research/notebooks/01_shape_quantization/runs/phase_1b/shape_token_range_bucket_NASDAQ_1m_k12_random_16,1B,NASDAQ,1m,12,,,random,16,16,"[""INTC"", ""MRVL"", ""RKLB"", ""NVDA"", ""AVGO"", ""MSFT"", ""META"", ""PLTR"", ""SOXX"", ""MU"", ""AAPL"", ""AMD""]","[""TSLA"", ""GOOGL""]","[""AMZN"", ""QCOM"", ""QQQ"", ""NFLX""]",144000,24000,48000,0.0851944444444444,0.10091666666666668,0.019770833333333335,0.015256944444444448,3.489802,3.448457,3.468415,0.196511,0.196308,0.195278,0.415,0.4135833333333333,0.10104166666666664,0.1893125,2.484184,2.187015,2.263791,0.4690972222222222,0.42252777777777784,0.019770833333333335,0.03031944444444444,5.899536,5.598971,5.68572,0.08668055555555555,0.09997222222222224,0.4672777777777778,0.4244027777777778,0.04873573811848958,0.19447011882688556,0.19423486918617028,0.19300879996907974,
shape_token_range_bucket_NASDAQ_1m_k12_random_17,/Users/choeseoggyu/portfolio/finlabs/research/notebooks/01_shape_quantization/runs/phase_1b/shape_token_range_bucket_NASDAQ_1m_k12_random_17,1B,NASDAQ,1m,12,,,random,17,17,"[""AMD"", ""GOOGL"", ""QQQ"", ""PLTR"", ""SOXX"", ""TSLA"", ""AVGO"", ""AAPL"", ""MSFT"", ""MRVL"", ""INTC"", ""NFLX""]","[""NVDA"", ""AMZN""]","[""META"", ""RKLB"", ""MU"", ""QCOM""]",144000,24000,48000,0.10720833333333335,0.024111111111111118,0.01896527777777778,0.006777777777777778,3.487195,3.46186,3.473401,0.195809,0.196357,0.195565,0.24274999999999997,0.4863333333333334,0.06562499999999999,0.12762500000000002,2.484184,2.336278,2.49099,0.26740277777777777,0.4873333333333334,0.01896527777777778,0.017069444444444443,5.890945,5.756797,5.870449,0.10341666666666664,0.019277777777777776,0.26769444444444446,0.4877222222222223,0.04828456285264757,0.19398629287141567,0.19516552668999065,0.19427205693158803,
shape_token_range_bucket_NASDAQ_1m_k12_random_18,/Users/choeseoggyu/portfolio/finlabs/research/notebooks/01_shape_quantization/runs/phase_1b/shape_token_range_bucket_NASDAQ_1m_k12_random_18,1B,NASDAQ,1m,12,,,random,18,18,"[""AMZN"", ""AAPL"", ""QQQ"", ""MSFT"", ""GOOGL"", ""PLTR"", ""INTC"", ""RKLB"", ""NVDA"", ""NFLX"", ""AVGO"", ""AMD""]","[""MU"", ""QCOM""]","[""MRVL"", ""SOXX"", ""TSLA"", ""META""]",144000,24000,48000,0.07002777777777779,0.11533333333333336,0.0115763888888889,0.03236805555555555,3.448147,3.440865,3.466591,0.197061,0.197236,0.195159,0.72825,0.05254166666666666,0.20358333333333337,0.017791666666666678,2.484184,2.303556,2.487015,0.7433611111111111,0.15140277777777778,0.032125,0.03236805555555555,5.882163,5.622248,5.81882,0.06612500000000002,0.11320833333333331,0.7335555555555555,0.15619444444444447,0.04940823025173611,0.21165637947758167,0.21417731429509781,0.21234397031088836,
shape_token_range_bucket_NASDAQ_1m_k12_random_19,/Users/choeseoggyu/portfolio/finlabs/research/notebooks/01_shape_quantization/runs/phase_1b/shape_token_range_bucket_NASDAQ_1m_k12_random_19,1B,NASDAQ,1m,12,,,random,19,19,"[""AMD"", ""PLTR"", ""MRVL"", ""NFLX"", ""MU"", ""AVGO"", ""AAPL"", ""RKLB"", ""NVDA"", ""AMZN"", ""SOXX"", ""META""]","[""GOOGL"", ""QQQ""]","[""INTC"", ""TSLA"", ""QCOM"", ""MSFT""]",144000,24000,48000,0.06655555555555556,0.08476388888888886,0.0235,0.016854166666666667,3.486072,3.416869,3.466161,0.196805,0.196227,0.197064,0.72925,0.122375,0.30149999999999993,0.03483333333333333,2.484184,1.82251,2.524532,0.77625,0.1536111111111111,0.04481944444444445,0.016854166666666667,5.881553,5.224667,5.938239,0.06620833333333329,0.08833333333333335,0.7762777777777778,0.15213888888888888,0.048261471218532984,0.19413545158439707,0.1931823032709358,0.19449268546662501,
shape_token_range_bucket_NASDAQ_1m_k12_vge2_random_00,/Users/choeseoggyu/portfolio/finlabs/research/notebooks/01_shape_quantization/runs/phase_1b/shape_token_range_bucket_NASDAQ_1m_k12_vge2_random_00,1B,NASDAQ,1m,12,2,volume >= 2,random,0,0,"[""NFLX"", ""RKLB"", ""AAPL"", ""QCOM"", ""NVDA"", ""QQQ"", ""AVGO"", ""TSLA"", ""META"", ""MRVL"", ""SOXX"", ""GOOGL""]","[""AMD"", ""INTC""]","[""AMZN"", ""MSFT"", ""MU"", ""PLTR""]",143035,23996,47954,0.22651158992002446,0.12389746055313237,0.03075908242196458,0.02055188479316017,3.474228,3.416721,3.447436,0.196269,0.197038,0.198343,0.6974162360393399,0.17060448826584382,0.1830572570755011,0.08048963590107187,2.484186,2.230428,2.442931,0.7001913650177641,0.21183402507395,0.028727919562781444,0.02055188479316017,5.884628,5.609328,5.846592,0.22153323954150828,0.1280369993243385,0.6987752820667091,0.21440726223282466,0.04777823582296291,0.19217406113735083,0.19338622461990518,0.19416096886213244,
shape_token_range_bucket_NASDAQ_1m_k12_vge2_random_01,/Users/choeseoggyu/portfolio/finlabs/research/notebooks/01_shape_quantization/runs/phase_1b/shape_token_range_bucket_NASDAQ_1m_k12_vge2_random_01,1B,NASDAQ,1m,12,2,volume >= 2,random,1,1,"[""AVGO"", ""META"", ""QCOM"", ""MRVL"", ""RKLB"", ""AAPL"", ""QQQ"", ""SOXX"", ""TSLA"", ""GOOGL"", ""NFLX"", ""MU""]","[""PLTR"", ""AMD""]","[""MSFT"", ""INTC"", ""NVDA"", ""AMZN""]",143034,23991,47960,0.19459689472146374,0.15337094186987835,0.03573712357831153,0.025154046904610983,3.458787,3.41361,3.421223,0.193003,0.195661,0.19458,0.41777892474181366,0.1880372861533368,0.14652301054021144,0.05194051419888468,2.484188,2.327364,2.409892,0.4456549783989654,0.22240876770371457,0.02558987868979189,0.02134505997005232,5.868343,5.700481,5.795424,0.19438694980645843,0.15373008707297095,0.4465898550344455,0.2239308423411183,0.047709509845561195,0.19213127053415513,0.19489118558824034,0.19370385890153208,
shape_token_range_bucket_NASDAQ_1m_k12_vge2_random_02,/Users/choeseoggyu/portfolio/finlabs/research/notebooks/01_shape_quantization/runs/phase_1b/shape_token_range_bucket_NASDAQ_1m_k12_vge2_random_02,1B,NASDAQ,1m,12,2,volume >= 2,random,2,2,"[""SOXX"", ""PLTR"", ""AMD"", ""MRVL"", ""GOOGL"", ""AAPL"", ""INTC"", ""TSLA"", ""RKLB"", ""AMZN"", ""AVGO"", ""NFLX""]","[""QQQ"", ""MU""]","[""META"", ""QCOM"", ""NVDA"", ""MSFT""]",143134,23981,47870,0.13632690674878697,0.04795467136725795,0.023471116162732092,0.007313297562559605,3.459791,3.387284,3.457548,0.196529,0.197123,0.196608,0.3832090461352594,0.16949514197866405,0.1803970466680051,0.05165243357704291,2.484188,2.351443,2.432443,0.44589293317883205,0.18945525134853936,0.030510488037928794,0.009326403975158392,5.874433,5.719984,5.84195,0.14528797004840258,0.048779619515594765,0.44338685804801126,0.19525745593446,0.04869114534937541,0.19325993342173156,0.19336063838598896,0.1936497655133822,
shape_token_range_bucket_NASDAQ_1m_k12_vge2_random_03,/Users/choeseoggyu/portfolio/finlabs/research/notebooks/01_shape_quantization/runs/phase_1b/shape_token_range_bucket_NASDAQ_1m_k12_vge2_random_03,1B,NASDAQ,1m,12,2,volume >= 2,random,3,3,"[""INTC"", ""TSLA"", ""GOOGL"", ""META"", ""QQQ"", ""QCOM"", ""NVDA"", ""PLTR"", ""AAPL"", ""MSFT"", ""MU"", ""AVGO""]","[""MRVL"", ""RKLB""]","[""SOXX"", ""NFLX"", ""AMZN"", ""AMD""]",143632,23907,47446,0.1290962851999476,0.13425357315153646,0.017608221204946824,0.027286529877289346,3.455628,3.455829,3.475931,0.19702,0.194175,0.195579,0.7352797683323573,0.07493977980635746,0.19634068309536257,0.016996841295692074,2.48419,2.311884,2.436978,0.7757857977651592,0.1906303573242868,0.026543176545682043,0.027286529877289346,5.89718,5.633462,5.790945,0.10821684477575252,0.11479716549157641,0.7639280306365586,0.18637959933118575,0.04859578754212153,0.20898579099999956,0.21182433011864787,0.21284133117345272,
shape_token_range_bucket_NASDAQ_1m_k12_vge2_random_04,/Users/choeseoggyu/portfolio/finlabs/research/notebooks/01_shape_quantization/runs/phase_1b/shape_token_range_bucket_NASDAQ_1m_k12_vge2_random_04,1B,NASDAQ,1m,12,2,volume >= 2,random,4,4,"[""PLTR"", ""QQQ"", ""META"", ""QCOM"", ""INTC"", ""SOXX"", ""AMZN"", ""MU"", ""AAPL"", ""AVGO"", ""MSFT"", ""NVDA""]","[""MRVL"", ""GOOGL""]","[""NFLX"", ""TSLA"", ""RKLB"", ""AMD""]",143232,23888,47865,0.08403032291892995,0.045419693184501,0.013536762188395404,0.010797006980227286,3.467547,3.463739,3.47502,0.195271,0.193089,0.196138,0.13565806538645944,0.2298937914708733,0.05072421579973746,0.06759010773780369,2.48419,2.529082,2.521058,0.1812924026002788,0.23113225181048463,0.008764327922620125,0.013257733049749785,5.892017,5.911624,5.926362,0.08029758847813476,0.04746490930143398,0.17844831024076013,0.231076909470027,0.04876854208774924,0.19443386007140284,0.19162035111302747,0.19497915221901804,
shape_token_range_bucket_NASDAQ_1m_k12_vge2_random_05,/Users/choeseoggyu/portfolio/finlabs/research/notebooks/01_shape_quantization/runs/phase_1b/shape_token_range_bucket_NASDAQ_1m_k12_vge2_random_05,1B,NASDAQ,1m,12,2,volume >= 2,random,5,5,"[""AMZN"", ""RKLB"", ""GOOGL"", ""META"", ""SOXX"", ""QCOM"", ""MRVL"", ""MSFT"", ""NVDA"", ""QQQ"", ""AVGO"", ""TSLA""]","[""PLTR"", ""AMD""]","[""MU"", ""AAPL"", ""NFLX"", ""INTC""]",143174,23991,47820,0.16778187206236117,0.06205271738651303,0.03183515591154597,0.009907704761028258,3.483832,3.451094,3.484051,0.195029,0.197009,0.196329,0.44812363187328824,0.17887354246441164,0.14631459768529928,0.05073260978500585,2.484188,2.337412,2.510699,0.4824019185019966,0.20056020430916766,0.023191386480818227,0.00794533016442888,5.904635,5.744838,5.915685,0.1650580686831323,0.0630749631361972,0.48034410958225304,0.20071114038197535,0.0481998739296241,0.19357442541276715,0.19603570565879516,0.19588608201121746,
shape_token_range_bucket_NASDAQ_1m_k12_vge2_random_06,/Users/choeseoggyu/portfolio/finlabs/research/notebooks/01_shape_quantization/runs/phase_1b/shape_token_range_bucket_NASDAQ_1m_k12_vge2_random_06,1B,NASDAQ,1m,12,2,volume >= 2,random,6,6,"[""AMZN"", ""MSFT"", ""NFLX"", ""TSLA"", ""PLTR"", ""MU"", ""GOOGL"", ""QCOM"", ""META"", ""AMD"", ""RKLB"", ""AVGO""]","[""MRVL"", ""SOXX""]","[""AAPL"", ""INTC"", ""QQQ"", ""NVDA""]",143525,23526,47934,0.25892679852269573,0.08638518530825207,0.050088548312419434,0.015889001764001598,3.449354,3.401853,3.410871,0.196025,0.191522,0.196594,0.18170841488615747,0.2832394542495932,0.06449035110090964,0.13969624900905409,2.484192,2.499789,2.349077,0.36986491450945114,0.3224471737241157,0.050088548312419434,0.021649548655441993,5.87775,5.704443,5.738016,0.23140146678174794,0.06670157328255169,0.36487653866055136,0.3045113940452887,0.04939835176798467,0.21165186791114085,0.2062094826093502,0.2068726668791805,
shape_token_range_bucket_NASDAQ_1m_k12_vge2_random_07,/Users/choeseoggyu/portfolio/finlabs/research/notebooks/01_shape_quantization/runs/phase_1b/shape_token_range_bucket_NASDAQ_1m_k12_vge2_random_07,1B,NASDAQ,1m,12,2,volume >= 2,random,7,7,"[""SOXX"", ""NVDA"", ""RKLB"", ""QCOM"", ""AMD"", ""GOOGL"", ""NFLX"", ""TSLA"", ""MU"", ""META"", ""QQQ"", ""INTC""]","[""MSFT"", ""AAPL""]","[""MRVL"", ""PLTR"", ""AMZN"", ""AVGO""]",143318,23950,47717,0.06303055054207239,0.07567300264391605,0.017461119280974102,0.015368273950666159,3.457776,3.447341,3.468065,0.198475,0.198872,0.197919,0.5316882319682633,0.1485033156290526,0.13808351843591404,0.055819376280316774,2.484186,2.052051,2.436508,0.5554204447933222,0.1909755403770373,0.019678037898174728,0.007831710528968529,5.882678,5.456431,5.818636,0.07169552060543295,0.08256836572195907,0.5552187554015464,0.192061049694004,0.04895841123955993,0.19492460290347804,0.19502830896616766,0.19409016526711173,
shape_token_range_bucket_NASDAQ_1m_k12_vge2_random_08,/Users/choeseoggyu/portfolio/finlabs/research/notebooks/01_shape_quantization/runs/phase_1b/shape_token_range_bucket_NASDAQ_1m_k12_vge2_random_08,1B,NASDAQ,1m,12,2,volume >= 2,random,8,8,"[""AMZN"", ""RKLB"", ""AVGO"", ""GOOGL"", ""QQQ"", ""META"", ""MRVL"", ""INTC"", ""MU"", ""SOXX"", ""MSFT"", ""AAPL""]","[""QCOM"", ""TSLA""]","[""NVDA"", ""PLTR"", ""NFLX"", ""AMD""]",143202,23923,47860,0.042783731817411255,0.10836945322307873,0.008020142156585697,0.021941848799897176,3.464212,3.470729,3.477961,0.198214,0.197343,0.20006,0.26917749349625625,0.17277062498333365,0.06816453766808489,0.0625825434167486,2.484195,2.507635,2.412874,0.27912803777806694,0.20393582762085705,0.015452988964679393,0.013899195274075158,5.887243,5.904681,5.824401,0.04200664111319246,0.10972773780091515,0.28041277957485233,0.20119170233628525,0.04834815328063679,0.19339745660629507,0.19435038406584063,0.19577348497603866,
shape_token_range_bucket_NASDAQ_1m_k12_vge2_random_09,/Users/choeseoggyu/portfolio/finlabs/research/notebooks/01_shape_quantization/runs/phase_1b/shape_token_range_bucket_NASDAQ_1m_k12_vge2_random_09,1B,NASDAQ,1m,12,2,volume >= 2,random,9,9,"[""TSLA"", ""RKLB"", ""GOOGL"", ""QCOM"", ""PLTR"", ""AMZN"", ""MU"", ""MSFT"", ""AMD"", ""QQQ"", ""META"", ""AAPL""]","[""AVGO"", ""MRVL""]","[""NVDA"", ""INTC"", ""NFLX"", ""SOXX""]",143737,23760,47488,0.16846932888487953,0.08809993319541172,0.029892258855486832,0.0250539924311355,3.433302,3.419073,3.459844,0.197273,0.194315,0.197475,0.346040988183408,0.08320402869856629,0.08467700396222627,0.023475367012916498,2.484187,2.457222,2.450666,0.4291157538498167,0.1560086659167133,0.029892258855486832,0.0250539924311355,5.881367,5.716887,5.798391,0.15240821778665198,0.09155477100500284,0.417686340201072,0.1525820267782051,0.0484720499995217,0.2084905734276723,0.21149924033619624,0.21477573669159344,
shape_token_range_bucket_NASDAQ_1m_k12_vge2_random_10,/Users/choeseoggyu/portfolio/finlabs/research/notebooks/01_shape_quantization/runs/phase_1b/shape_token_range_bucket_NASDAQ_1m_k12_vge2_random_10,1B,NASDAQ,1m,12,2,volume >= 2,random,10,10,"[""GOOGL"", ""MRVL"", ""META"", ""AVGO"", ""INTC"", ""PLTR"", ""SOXX"", ""QCOM"", ""NVDA"", ""AMZN"", ""NFLX"", ""AMD""]","[""TSLA"", ""AAPL""]","[""RKLB"", ""QQQ"", ""MU"", ""MSFT""]",143054,23952,47979,0.09458601985008411,0.08152832351312392,0.016475526350607367,0.019550983628363446,3.482167,3.455397,3.432673,0.196013,0.197003,0.197092,0.356869319748729,0.271129696061503,0.11045284374351252,0.08918762212288114,2.484188,2.233643,2.483649,0.41252721001628756,0.3102316633182299,0.018423656373194423,0.019550983628363446,5.88875,5.648089,5.895586,0.09115697970334487,0.08532218737971638,0.4113538287726487,0.3105470380234512,0.048273960903749635,0.1936831510322453,0.19533881313742488,0.19456835707270145,
shape_token_range_bucket_NASDAQ_1m_k12_vge2_random_11,/Users/choeseoggyu/portfolio/finlabs/research/notebooks/01_shape_quantization/runs/phase_1b/shape_token_range_bucket_NASDAQ_1m_k12_vge2_random_11,1B,NASDAQ,1m,12,2,volume >= 2,random,11,11,"[""META"", ""AMZN"", ""GOOGL"", ""MSFT"", ""PLTR"", ""NFLX"", ""AAPL"", ""AVGO"", ""AMD"", ""QQQ"", ""NVDA"", ""TSLA""]","[""RKLB"", ""MU""]","[""INTC"", ""QCOM"", ""MRVL"", ""SOXX""]",143537,23999,47449,0.06753553492829867,0.15668963414323273,0.013020510078979405,0.02952762293486378,3.471597,3.444579,3.473507,0.197606,0.197452,0.195571,0.9362973191895656,0.6623533333941309,0.2625536447520229,0.17303842893479873,2.484187,2.131734,2.413333,0.9486288463772181,0.7387933444183166,0.041532920812187395,0.02952762293486378,5.907077,5.52103,5.702973,0.05659560936784647,0.14033003309984826,0.9463170667704764,0.7280059617679283,0.04900985827587138,0.2101722008975021,0.20710434285405885,0.21274790050560474,
shape_token_range_bucket_NASDAQ_1m_k12_vge2_random_12,/Users/choeseoggyu/portfolio/finlabs/research/notebooks/01_shape_quantization/runs/phase_1b/shape_token_range_bucket_NASDAQ_1m_k12_vge2_random_12,1B,NASDAQ,1m,12,2,volume >= 2,random,12,12,"[""MRVL"", ""SOXX"", ""QCOM"", ""MSFT"", ""MU"", ""PLTR"", ""RKLB"", ""TSLA"", ""AVGO"", ""AMZN"", ""AMD"", ""META""]","[""AAPL"", ""GOOGL""]","[""NVDA"", ""NFLX"", ""INTC"", ""QQQ""]",143201,23933,47851,0.0513873402129089,0.08029582310331701,0.011290182821846032,0.015635677686342678,3.481837,3.459286,3.457683,0.197432,0.196958,0.198285,0.6208053191399714,0.3570973923670472,0.1807727165731097,0.1594505199585984,2.484197,1.981253,2.292498,0.6434457186967757,0.38324028673753213,0.028323457493968786,0.022010293443697322,5.896282,5.405434,5.716026,0.050012657264295345,0.0797492311619816,0.6434249999210659,0.38310001873264343,0.04872720629024064,0.1943920054918783,0.19397124148090172,0.19548503068638623,
shape_token_range_bucket_NASDAQ_1m_k12_vge2_random_13,/Users/choeseoggyu/portfolio/finlabs/research/notebooks/01_shape_quantization/runs/phase_1b/shape_token_range_bucket_NASDAQ_1m_k12_vge2_random_13,1B,NASDAQ,1m,12,2,volume >= 2,random,13,13,"[""GOOGL"", ""PLTR"", ""QQQ"", ""AAPL"", ""MRVL"", ""AMD"", ""AMZN"", ""MSFT"", ""QCOM"", ""NFLX"", ""MU"", ""NVDA""]","[""SOXX"", ""TSLA""]","[""AVGO"", ""META"", ""RKLB"", ""INTC""]",143564,23619,47802,0.12084760344837414,0.020774727005573295,0.030460339145249832,0.003497230492860673,3.48471,3.500584,3.485665,0.197983,0.195744,0.197405,0.1483409885085768,0.30810705884302997,0.04182019935746176,0.08360458962588112,2.484193,2.366304,2.501407,0.2288671329775745,0.317770386491058,0.030460339145249832,0.010040209083611688,5.919524,5.732905,5.905793,0.13029020462975122,0.019662427808562997,0.22454026879294406,0.314086326029302,0.04922517407306149,0.21145770098857222,0.21362720434409452,0.2113595219836946,
shape_token_range_bucket_NASDAQ_1m_k12_vge2_random_14,/Users/choeseoggyu/portfolio/finlabs/research/notebooks/01_shape_quantization/runs/phase_1b/shape_token_range_bucket_NASDAQ_1m_k12_vge2_random_14,1B,NASDAQ,1m,12,2,volume >= 2,random,14,14,"[""NVDA"", ""INTC"", ""AVGO"", ""AAPL"", ""GOOGL"", ""MRVL"", ""META"", ""RKLB"", ""MU"", ""QQQ"", ""MSFT"", ""PLTR""]","[""SOXX"", ""NFLX""]","[""AMZN"", ""AMD"", ""QCOM"", ""TSLA""]",143616,23488,47881,0.2900655911980844,0.040660800246999,0.057488376512358726,0.008450591068419,3.464451,3.44899,3.47224,0.195255,0.190912,0.19511,0.32308396869399225,0.16713379593574995,0.08291304817691258,0.059838627447211024,2.484191,2.253447,2.488835,0.40677053735787105,0.1794187193710633,0.057488376512358726,0.009501184892667467,5.906323,5.53704,5.904209,0.24749737568423455,0.03763546039719461,0.404214485676609,0.17683177692953578,0.04875087228050844,0.20988491706859702,0.2062095649768004,0.21051625479719885,
shape_token_range_bucket_NASDAQ_1m_k12_vge2_random_15,/Users/choeseoggyu/portfolio/finlabs/research/notebooks/01_shape_quantization/runs/phase_1b/shape_token_range_bucket_NASDAQ_1m_k12_vge2_random_15,1B,NASDAQ,1m,12,2,volume >= 2,random,15,15,"[""MRVL"", ""AMZN"", ""QQQ"", ""INTC"", ""AMD"", ""RKLB"", ""NFLX"", ""MU"", ""META"", ""SOXX"", ""AVGO"", ""PLTR""]","[""QCOM"", ""TSLA""]","[""NVDA"", ""MSFT"", ""AAPL"", ""GOOGL""]",143131,23923,47931,0.042232284200716154,0.08518202512066314,0.009093045077847653,0.01598327048336857,3.463668,3.467669,3.438841,0.195399,0.195115,0.195677,0.13816826615768163,0.48401247313958495,0.03952541787742772,0.14145056383152674,2.484191,2.519875,2.114282,0.15360487031675663,0.5302900401144002,0.011827610757266058,0.019201886380712057,5.878714,5.921171,5.515169,0.0460454995354894,0.08712006238075531,0.157829802764443,0.5289815417252317,0.04854342760085167,0.19450174417633218,0.1945379216501444,0.1949979028433261,
shape_token_range_bucket_NASDAQ_1m_k12_vge2_random_16,/Users/choeseoggyu/portfolio/finlabs/research/notebooks/01_shape_quantization/runs/phase_1b/shape_token_range_bucket_NASDAQ_1m_k12_vge2_random_16,1B,NASDAQ,1m,12,2,volume >= 2,random,16,16,"[""INTC"", ""MRVL"", ""RKLB"", ""NVDA"", ""AVGO"", ""MSFT"", ""META"", ""PLTR"", ""SOXX"", ""MU"", ""AAPL"", ""AMD""]","[""TSLA"", ""GOOGL""]","[""AMZN"", ""QCOM"", ""QQQ"", ""NFLX""]",143268,23981,47736,0.09108126540932629,0.10338450527795383,0.018096125885142686,0.01714948100865729,3.487983,3.452287,3.479722,0.198768,0.197065,0.197592,0.41719415561321016,0.41459974186136106,0.10640644867855356,0.19104379760570792,2.484192,2.183436,2.261989,0.4678317870368932,0.4236369313969665,0.01713292902376204,0.028754518194711726,5.909031,5.600188,5.702226,0.08091820422692102,0.10402577060169824,0.4641828293729157,0.4253264840083619,0.04919004164725375,0.19484369764705334,0.19425705659781897,0.19349077648380852,
shape_token_range_bucket_NASDAQ_1m_k12_vge2_random_17,/Users/choeseoggyu/portfolio/finlabs/research/notebooks/01_shape_quantization/runs/phase_1b/shape_token_range_bucket_NASDAQ_1m_k12_vge2_random_17,1B,NASDAQ,1m,12,2,volume >= 2,random,17,17,"[""AMD"", ""GOOGL"", ""QQQ"", ""PLTR"", ""SOXX"", ""TSLA"", ""AVGO"", ""AAPL"", ""MSFT"", ""MRVL"", ""INTC"", ""NFLX""]","[""NVDA"", ""AMZN""]","[""META"", ""RKLB"", ""MU"", ""QCOM""]",143152,23962,47871,0.09890553396329335,0.01879365509235486,0.01688734450425014,0.004124595022458426,3.487974,3.466576,3.48001,0.195087,0.195725,0.194855,0.2286120412496568,0.4866494834809686,0.060582044712630234,0.1277450464507347,2.48419,2.339946,2.49033,0.2541944928880212,0.4867659976905493,0.014763436121946631,0.016547246037144595,5.906273,5.769786,5.889431,0.09863589552165916,0.015669462620119458,0.25822074642661696,0.48868355308968703,0.04858732026316433,0.19404585248757633,0.19518466167447054,0.1942973528962774,
shape_token_range_bucket_NASDAQ_1m_k12_vge2_random_18,/Users/choeseoggyu/portfolio/finlabs/research/notebooks/01_shape_quantization/runs/phase_1b/shape_token_range_bucket_NASDAQ_1m_k12_vge2_random_18,1B,NASDAQ,1m,12,2,volume >= 2,random,18,18,"[""AMZN"", ""AAPL"", ""QQQ"", ""MSFT"", ""GOOGL"", ""PLTR"", ""INTC"", ""RKLB"", ""NVDA"", ""NFLX"", ""AVGO"", ""AMD""]","[""MU"", ""QCOM""]","[""MRVL"", ""SOXX"", ""TSLA"", ""META""]",143588,23922,47475,0.067858071115447,0.10731659710437985,0.011056135498191969,0.024793927914080666,3.453624,3.453365,3.468748,0.197174,0.196845,0.194898,0.7302817587995503,0.058405681294895435,0.20394337096953327,0.016909986728015303,2.484191,2.300133,2.488148,0.7449912203518442,0.1429786468666429,0.031778249829444834,0.024793927914080666,5.894661,5.643516,5.847505,0.06845065687001899,0.10331929530460032,0.7335282255382849,0.1470788869734853,0.0489048826982408,0.20980605009366451,0.2127955002713623,0.21261369661889018,
shape_token_range_bucket_NASDAQ_1m_k12_vge2_random_19,/Users/choeseoggyu/portfolio/finlabs/research/notebooks/01_shape_quantization/runs/phase_1b/shape_token_range_bucket_NASDAQ_1m_k12_vge2_random_19,1B,NASDAQ,1m,12,2,volume >= 2,random,19,19,"[""AMD"", ""PLTR"", ""MRVL"", ""NFLX"", ""MU"", ""AVGO"", ""AAPL"", ""RKLB"", ""NVDA"", ""AMZN"", ""SOXX"", ""META""]","[""GOOGL"", ""QQQ""]","[""INTC"", ""TSLA"", ""QCOM"", ""MSFT""]",143101,23963,47921,0.05661834743148324,0.07204532913421735,0.018773751895161495,0.013850887658908073,3.206447,3.136636,3.178749,0.212452,0.211006,0.21204,0.7341626129886725,0.1190041557888755,0.30619845140553403,0.034012233286140975,2.484197,1.814477,2.524234,0.7717101167789953,0.14063611719921282,0.055802345529719966,0.01224177679132638,5.620696,4.940466,5.65849,0.061154447650228455,0.08341956503199312,0.7717909133832497,0.1451537684782685,0.0485707264886339,0.19404961096893866,0.19311600370757742,0.19439700914472227,
shape_token_range_bucket_NASDAQ_1m_k12_vge2_vol_holdout_00,/Users/choeseoggyu/portfolio/finlabs/research/notebooks/01_shape_quantization/runs/phase_1b/shape_token_range_bucket_NASDAQ_1m_k12_vge2_vol_holdout_00,1B,NASDAQ,1m,12,2,volume >= 2,vol_holdout,0,0,"[""NVDA"", ""SOXX"", ""PLTR"", ""TSLA"", ""NFLX"", ""AVGO"", ""MSFT"", ""META"", ""QQQ"", ""AMZN"", ""GOOGL"", ""AAPL""]","[""QCOM"", ""INTC"", ""MRVL""]","[""AMD"", ""RKLB"", ""MU""]",143160,35830,35995,0.04748546366659422,0.12196564314352279,0.009164865489349,0.01741311378621592,3.484843,3.482086,3.446496,0.197094,0.197568,0.198481,0.9301144292492325,0.939741630782053,0.2904688808261234,0.2795179886095291,2.484184,2.192426,2.136095,0.9478261608694062,0.9557982949185649,0.046703970279073116,0.04356085379589797,5.901275,5.532873,5.531907,0.04892822638835698,0.12575480334517608,0.9452932793919815,0.9573263217885848,0.04869949924909193,0.19397852712089358,0.19345475240612867,0.1952803754746282,
shape_token_range_bucket_NASDAQ_1m_k12_vge2_vol_holdout_01,/Users/choeseoggyu/portfolio/finlabs/research/notebooks/01_shape_quantization/runs/phase_1b/shape_token_range_bucket_NASDAQ_1m_k12_vge2_vol_holdout_01,1B,NASDAQ,1m,12,2,volume >= 2,vol_holdout,1,1,"[""META"", ""MSFT"", ""NVDA"", ""QQQ"", ""TSLA"", ""GOOGL"", ""AAPL"", ""NFLX"", ""PLTR"", ""SOXX"", ""AVGO"", ""AMZN""]","[""INTC"", ""MU"", ""RKLB""]","[""AMD"", ""QCOM"", ""MRVL""]",143160,35999,35826,0.13345189084720543,0.04888274840924582,0.016809449109142532,0.0074544954146213566,3.495606,3.445712,3.500883,0.197481,0.197981,0.197207,0.9899274979860553,0.8796851448668566,0.3046209616933804,0.26524591079104565,2.484184,2.085016,2.236497,0.9962703925036073,0.9050696860288077,0.045662479246322864,0.03807870807440395,5.910787,5.484486,5.591394,0.13513844152992943,0.045024473087745646,0.9946210009667695,0.90385010740887,0.04869913088938949,0.19402359144022838,0.194560313345697,0.1934024070584451,
shape_token_range_bucket_NASDAQ_1m_k12_vge2_vol_holdout_02,/Users/choeseoggyu/portfolio/finlabs/research/notebooks/01_shape_quantization/runs/phase_1b/shape_token_range_bucket_NASDAQ_1m_k12_vge2_vol_holdout_02,1B,NASDAQ,1m,12,2,volume >= 2,vol_holdout,2,2,"[""NVDA"", ""TSLA"", ""GOOGL"", ""PLTR"", ""MSFT"", ""META"", ""AMZN"", ""AVGO"", ""NFLX"", ""SOXX"", ""QQQ"", ""AAPL""]","[""INTC"", ""MU"", ""MRVL""]","[""QCOM"", ""RKLB"", ""AMD""]",143160,35906,35919,0.09324089955974113,0.03459866752908953,0.014816100255693875,0.006178847223240275,3.483038,3.465968,3.476673,0.193494,0.193951,0.193684,0.9380493510833845,0.9318299507224589,0.27654709519300397,0.29341156490993625,2.484184,2.157528,2.178266,0.9411001969424775,0.9456586985894755,0.043823304142369075,0.04291349095117549,5.900414,5.534883,5.546902,0.09443420120902757,0.03621883054512587,0.9416101715530012,0.9445017658363152,0.04869608510036847,0.19398381167574882,0.194769353970222,0.1940905914159823,
shape_token_range_bucket_NASDAQ_1m_k12_vge2_vol_holdout_03,/Users/choeseoggyu/portfolio/finlabs/research/notebooks/01_shape_quantization/runs/phase_1b/shape_token_range_bucket_NASDAQ_1m_k12_vge2_vol_holdout_03,1B,NASDAQ,1m,12,2,volume >= 2,vol_holdout,3,3,"[""AVGO"", ""GOOGL"", ""META"", ""QQQ"", ""SOXX"", ""PLTR"", ""NVDA"", ""MSFT"", ""NFLX"", ""TSLA"", ""AAPL"", ""AMZN""]","[""AMD"", ""INTC"", ""MU""]","[""RKLB"", ""QCOM"", ""MRVL""]",143160,35995,35830,0.19528687528044106,0.08882343253123917,0.026638828364794545,0.015247717540460892,3.47799,3.425685,3.466895,0.197648,0.197713,0.195385,0.90445895263231,0.96555958693832,0.24856924572857342,0.32156014512977954,2.484184,2.150891,2.156914,0.9305881948383055,0.9954239256705452,0.04133832288882754,0.05066712964273485,5.895995,5.539307,5.462653,0.1931428765932184,0.09319672770979219,0.9319587400395284,0.9932413019258228,0.04873113043316918,0.1936690929883563,0.1937331799490369,0.191495572710679,
shape_token_range_bucket_NASDAQ_1m_k12_vge2_vol_holdout_04,/Users/choeseoggyu/portfolio/finlabs/research/notebooks/01_shape_quantization/runs/phase_1b/shape_token_range_bucket_NASDAQ_1m_k12_vge2_vol_holdout_04,1B,NASDAQ,1m,12,2,volume >= 2,vol_holdout,4,4,"[""PLTR"", ""MSFT"", ""QQQ"", ""META"", ""TSLA"", ""GOOGL"", ""NFLX"", ""AVGO"", ""NVDA"", ""AAPL"", ""SOXX"", ""AMZN""]","[""MU"", ""RKLB"", ""QCOM""]","[""AMD"", ""INTC"", ""MRVL""]",143160,35922,35903,0.03928620981111488,0.07517343831583963,0.00853483982922297,0.011725829095699844,3.461648,3.449768,3.461764,0.19556,0.1955,0.196299,0.9891208730026169,0.8807286299195054,0.3198290741050053,0.2501141965852436,2.484184,2.119325,2.208524,0.9948011251723431,0.8974872751147952,0.05516916063784096,0.04175030627407583,5.880801,5.465643,5.580194,0.03951051764246765,0.08477856112520496,0.9930942673454775,0.8964792211188825,0.04870284859379366,0.19400690053262096,0.19486161338497357,0.1944305881336723,
shape_token_range_bucket_NASDAQ_1m_k12_vge2_vol_strat_00,/Users/choeseoggyu/portfolio/finlabs/research/notebooks/01_shape_quantization/runs/phase_1b/shape_token_range_bucket_NASDAQ_1m_k12_vge2_vol_strat_00,1B,NASDAQ,1m,12,2,volume >= 2,vol_strat,0,0,"[""RKLB"", ""PLTR"", ""AAPL"", ""MSFT"", ""SOXX"", ""QCOM"", ""META"", ""AMZN"", ""TSLA"", ""AMD"", ""QQQ"", ""MRVL""]","[""INTC"", ""NVDA"", ""GOOGL""]","[""NFLX"", ""AVGO"", ""MU""]",143283,35981,35721,0.14809642267689307,0.05034401502618639,0.021145997078060627,0.010012933338721393,3.45625,3.409043,3.460417,0.194832,0.19469,0.195899,0.1507775713860094,0.13060172153559207,0.07115701196093496,0.05272248037653254,2.484194,2.449177,2.471379,0.20656593135816548,0.1704890971044124,0.017573472238047737,0.009312601275515385,5.881633,5.825786,5.812636,0.15935127728035287,0.04867119101497528,0.21048417647454848,0.16947087317069953,0.04858089860298326,0.19377382939241825,0.19423157140356528,0.19479222185312473,
shape_token_range_bucket_NASDAQ_1m_k12_vge2_vol_strat_01,/Users/choeseoggyu/portfolio/finlabs/research/notebooks/01_shape_quantization/runs/phase_1b/shape_token_range_bucket_NASDAQ_1m_k12_vge2_vol_strat_01,1B,NASDAQ,1m,12,2,volume >= 2,vol_strat,1,1,"[""MSFT"", ""AVGO"", ""QQQ"", ""NFLX"", ""SOXX"", ""AMD"", ""TSLA"", ""MU"", ""PLTR"", ""MRVL"", ""QCOM"", ""GOOGL""]","[""META"", ""AMZN"", ""RKLB""]","[""NVDA"", ""INTC"", ""AAPL""]",143122,35911,35952,0.062052002953626,0.14101151791681027,0.013086209138155669,0.021207172944973735,3.484594,3.469557,3.446136,0.19669,0.195559,0.19792,0.08549606215896229,0.06887524688106753,0.027565380098682896,0.02894277700731629,2.484195,2.504815,2.473269,0.12772722519117707,0.15462555941533618,0.00949978610447909,0.017358058813166,5.898632,5.918974,5.87808,0.05713814040524598,0.13051638710428992,0.12784243449974925,0.14551860881079132,0.04848810695595366,0.1945302485115803,0.193193707038128,0.19550063487150324,
shape_token_range_bucket_NASDAQ_1m_k12_vge2_vol_strat_02,/Users/choeseoggyu/portfolio/finlabs/research/notebooks/01_shape_quantization/runs/phase_1b/shape_token_range_bucket_NASDAQ_1m_k12_vge2_vol_strat_02,1B,NASDAQ,1m,12,2,volume >= 2,vol_strat,2,2,"[""AMD"", ""MSFT"", ""AVGO"", ""AAPL"", ""NVDA"", ""MRVL"", ""PLTR"", ""RKLB"", ""NFLX"", ""META"", ""AMZN"", ""MU""]","[""SOXX"", ""QCOM"", ""GOOGL""]","[""QQQ"", ""TSLA"", ""INTC""]",143480,35523,35982,0.1618766623093787,0.10666377778921367,0.028581895224634113,0.020593302412752694,3.336848,3.328351,3.269618,0.207898,0.204085,0.20698,0.07084142668130508,0.2551609137902284,0.02661374320862539,0.1275804568951142,2.484184,2.495791,2.400825,0.1774190751334625,0.2869576062076201,0.02791504733980233,0.021577799400583103,5.766915,5.709517,5.654022,0.15316642034541855,0.10322639869016066,0.18073458197051834,0.27468526336395593,0.049544735927916785,0.21208682679975896,0.210753015045094,0.203074703533025,
shape_token_range_bucket_NASDAQ_1m_k12_vge2_vol_strat_03,/Users/choeseoggyu/portfolio/finlabs/research/notebooks/01_shape_quantization/runs/phase_1b/shape_token_range_bucket_NASDAQ_1m_k12_vge2_vol_strat_03,1B,NASDAQ,1m,12,2,volume >= 2,vol_strat,3,3,"[""NVDA"", ""NFLX"", ""INTC"", ""MU"", ""MSFT"", ""TSLA"", ""MRVL"", ""PLTR"", ""AVGO"", ""QCOM"", ""GOOGL"", ""QQQ""]","[""META"", ""AMZN"", ""RKLB""]","[""AAPL"", ""SOXX"", ""AMD""]",143507,35911,35567,0.06358423353168358,0.10010513659291848,0.014233135425125484,0.020188778644097967,3.472445,3.460412,3.489436,0.198116,0.197068,0.197507,0.06383489406220495,0.07566276070184282,0.020046784981362975,0.020272657461173682,2.484193,2.5007,2.432,0.12469601499134755,0.15223488951005526,0.004525188912462693,0.020188778644097967,5.905549,5.908551,5.811126,0.06717574886535256,0.09006728843159265,0.1263628708256621,0.15211319041308716,0.04935225829576258,0.21210084376426622,0.21041086765034867,0.2147866172239896,
shape_token_range_bucket_NASDAQ_1m_k12_vge2_vol_strat_04,/Users/choeseoggyu/portfolio/finlabs/research/notebooks/01_shape_quantization/runs/phase_1b/shape_token_range_bucket_NASDAQ_1m_k12_vge2_vol_strat_04,1B,NASDAQ,1m,12,2,volume >= 2,vol_strat,4,4,"[""QQQ"", ""AMZN"", ""MRVL"", ""NVDA"", ""QCOM"", ""PLTR"", ""META"", ""NFLX"", ""GOOGL"", ""INTC"", ""SOXX"", ""MU""]","[""MSFT"", ""TSLA"", ""RKLB""]","[""AMD"", ""AVGO"", ""AAPL""]",143186,35998,35801,0.09688704469415133,0.037913983594637074,0.01601356468675291,0.01322296764449031,3.478839,3.455276,3.477285,0.195121,0.195398,0.195412,0.07137336272257949,0.08946956894257661,0.02829461966075622,0.03120443545472107,2.484194,2.513733,2.449295,0.12934707097749507,0.10790324913271962,0.01601356468675291,0.005266952428666941,5.897807,5.934458,5.850829,0.08646632847706609,0.03664876735506768,0.11848754601930522,0.11047355791805119,0.048462338622272776,0.1940666978409963,0.19436553038263282,0.19417486487758218,
shape_token_range_bucket_NASDAQ_1m_k12_vge2_vol_strat_05,/Users/choeseoggyu/portfolio/finlabs/research/notebooks/01_shape_quantization/runs/phase_1b/shape_token_range_bucket_NASDAQ_1m_k12_vge2_vol_strat_05,1B,NASDAQ,1m,12,2,volume >= 2,vol_strat,5,5,"[""PLTR"", ""NVDA"", ""GOOGL"", ""QQQ"", ""SOXX"", ""NFLX"", ""MU"", ""MRVL"", ""QCOM"", ""AAPL"", ""AMZN"", ""INTC""]","[""AMD"", ""TSLA"", ""MSFT""]","[""AVGO"", ""RKLB"", ""META""]",143189,35994,35802,0.14508907709374785,0.0522440225331194,0.026060606873399172,0.00978857274820967,3.48076,3.450464,3.479416,0.19862,0.199103,0.196895,0.1212813552049356,0.1422211057074563,0.0331402532314167,0.049646667969236,2.48419,2.430214,2.513374,0.18895679742803054,0.15980419237967639,0.018720532040708872,0.0065725788910243185,5.900153,5.84611,5.903976,0.142306480001061,0.05562089410982939,0.1818001550969638,0.15325841330741752,0.048509459498241835,0.19428410626848955,0.19476624537491963,0.19218922755547027,
shape_token_range_bucket_NASDAQ_1m_k12_vge2_vol_strat_06,/Users/choeseoggyu/portfolio/finlabs/research/notebooks/01_shape_quantization/runs/phase_1b/shape_token_range_bucket_NASDAQ_1m_k12_vge2_vol_strat_06,1B,NASDAQ,1m,12,2,volume >= 2,vol_strat,6,6,"[""TSLA"", ""MSFT"", ""AVGO"", ""MRVL"", ""GOOGL"", ""AAPL"", ""QCOM"", ""PLTR"", ""NVDA"", ""INTC"", ""MU"", ""NFLX""]","[""AMZN"", ""RKLB"", ""QQQ""]","[""AMD"", ""META"", ""SOXX""]",143477,35944,35564,0.05811704464362516,0.07552366234992744,0.011572493937454381,0.019852393839578167,3.446673,3.404305,3.460891,0.19862,0.199158,0.198156,0.31664879308134486,0.07848664798651783,0.14839888958953773,0.02668572929117133,2.484187,2.397946,2.427155,0.3446065673169646,0.13278457839704805,0.029065680556689497,0.019852393839578167,5.875812,5.78364,5.783056,0.05848698399048709,0.08850606855813375,0.3437626262393967,0.13935030268752174,0.04947688425235404,0.19404632441856093,0.19345071858259644,0.19241247273639206,
shape_token_range_bucket_NASDAQ_1m_k12_vge2_vol_strat_07,/Users/choeseoggyu/portfolio/finlabs/research/notebooks/01_shape_quantization/runs/phase_1b/shape_token_range_bucket_NASDAQ_1m_k12_vge2_vol_strat_07,1B,NASDAQ,1m,12,2,volume >= 2,vol_strat,7,7,"[""NFLX"", ""RKLB"", ""AMZN"", ""SOXX"", ""MU"", ""META"", ""INTC"", ""QCOM"", ""TSLA"", ""AVGO"", ""QQQ"", ""GOOGL""]","[""AMD"", ""AAPL"", ""PLTR""]","[""MRVL"", ""MSFT"", ""NVDA""]",143137,35943,35905,0.11196715280038083,0.06326072112629982,0.02205396113447443,0.01346094225475794,3.47647,3.46205,3.480027,0.194639,0.196601,0.195564,0.14066721683008393,0.07092052220459065,0.0525206762219734,0.024624718177369026,2.484187,2.433228,2.463631,0.17742487377224397,0.14422579932796487,0.01483288070570262,0.009329481434742756,5.89259,5.848605,5.884809,0.1128971121634816,0.06377762117750364,0.18041662665008237,0.13953838106125732,0.048297942923562744,0.19302359010764192,0.1947777077274411,0.1938945415035055,
shape_token_range_bucket_NASDAQ_1m_k12_vge2_vol_strat_08,/Users/choeseoggyu/portfolio/finlabs/research/notebooks/01_shape_quantization/runs/phase_1b/shape_token_range_bucket_NASDAQ_1m_k12_vge2_vol_strat_08,1B,NASDAQ,1m,12,2,volume >= 2,vol_strat,8,8,"[""QQQ"", ""PLTR"", ""NVDA"", ""RKLB"", ""INTC"", ""META"", ""MRVL"", ""GOOGL"", ""AMD"", ""AVGO"", ""NFLX"", ""AMZN""]","[""QCOM"", ""MSFT"", ""TSLA""]","[""MU"", ""SOXX"", ""AAPL""]",143494,35921,35570,0.02452855953493811,0.10860982280773028,0.005432009041750396,0.01962848759952618,3.454126,3.452569,3.455785,0.194922,0.194904,0.194888,0.03833411472900434,0.03328090222256991,0.012144708282198685,0.0107379933374811,2.484188,2.497702,2.477857,0.08309339858708992,0.1266216587392398,0.003927260320039851,0.01962848759952618,5.890073,5.898357,5.825754,0.02389018273559937,0.10688476574075452,0.08081331775995144,0.1244299375011165,0.04918990719450813,0.21134102178636857,0.21106558978375126,0.21473859326561362,
shape_token_range_bucket_NASDAQ_1m_k12_vge2_vol_strat_09,/Users/choeseoggyu/portfolio/finlabs/research/notebooks/01_shape_quantization/runs/phase_1b/shape_token_range_bucket_NASDAQ_1m_k12_vge2_vol_strat_09,1B,NASDAQ,1m,12,2,volume >= 2,vol_strat,9,9,"[""QCOM"", ""QQQ"", ""RKLB"", ""GOOGL"", ""AVGO"", ""AAPL"", ""TSLA"", ""PLTR"", ""MU"", ""MSFT"", ""AMD"", ""AMZN""]","[""MRVL"", ""SOXX"", ""META""]","[""NFLX"", ""INTC"", ""NVDA""]",143641,35475,35869,0.19999271635717342,0.07135471682046907,0.037705931177896085,0.018313572060120895,3.482126,3.498197,3.499817,0.197669,0.193344,0.198477,0.030212027254796825,0.07697104935288378,0.009331906806913537,0.032472331468255455,2.484197,2.473061,2.466149,0.2212669173042442,0.12731096171756545,0.037705931177896085,0.008685834455936861,5.923351,5.826965,5.894692,0.1627129859251575,0.06983414769614837,0.20658540748996235,0.12882923941982577,0.04868629870867301,0.20919103704291062,0.20921938762118075,0.21208392401997922,
shape_token_range_bucket_NASDAQ_1m_k12_vol_holdout_00,/Users/choeseoggyu/portfolio/finlabs/research/notebooks/01_shape_quantization/runs/phase_1b/shape_token_range_bucket_NASDAQ_1m_k12_vol_holdout_00,1B,NASDAQ,1m,12,,,vol_holdout,0,0,"[""NVDA"", ""SOXX"", ""PLTR"", ""TSLA"", ""MSFT"", ""AVGO"", ""NFLX"", ""META"", ""QQQ"", ""AMZN"", ""GOOGL"", ""AAPL""]","[""QCOM"", ""INTC"", ""MRVL""]","[""AMD"", ""RKLB"", ""MU""]",144000,36000,36000,0.045583333333333344,0.13095833333333334,0.008159722222222221,0.01959722222222222,3.502017,3.495791,3.453779,0.19594,0.195622,0.197011,0.9275,0.941388888888889,0.2902777777777778,0.28105555555555556,2.484184,2.197042,2.135196,0.9420694444444444,0.9579166666666667,0.041374999999999995,0.03856944444444444,5.904586,5.531629,5.535177,0.047694444444444484,0.13258333333333336,0.9403194444444445,0.9580416666666667,0.04841583251953125,0.19396981011110814,0.19353398210168127,0.19526340574232715,
shape_token_range_bucket_NASDAQ_1m_k12_vol_holdout_01,/Users/choeseoggyu/portfolio/finlabs/research/notebooks/01_shape_quantization/runs/phase_1b/shape_token_range_bucket_NASDAQ_1m_k12_vol_holdout_01,1B,NASDAQ,1m,12,,,vol_holdout,1,1,"[""META"", ""NFLX"", ""NVDA"", ""QQQ"", ""TSLA"", ""GOOGL"", ""AAPL"", ""MSFT"", ""PLTR"", ""SOXX"", ""AVGO"", ""AMZN""]","[""INTC"", ""MU"", ""RKLB""]","[""AMD"", ""QCOM"", ""MRVL""]",144000,36000,36000,0.13581944444444444,0.04844444444444442,0.020402777777777777,0.006993055555555558,3.500001,3.446479,3.504517,0.198309,0.198795,0.197743,0.9922222222222223,0.8766666666666667,0.3060833333333333,0.26525,2.484184,2.083731,2.241152,0.9974027777777779,0.8995277777777778,0.043444444444444445,0.03672222222222222,5.904413,5.483716,5.584334,0.14123611111111112,0.044972222222222205,0.9969861111111111,0.8988472222222222,0.0484127197265625,0.1940180292484891,0.19452050145562624,0.19337261110288093,
shape_token_range_bucket_NASDAQ_1m_k12_vol_holdout_02,/Users/choeseoggyu/portfolio/finlabs/research/notebooks/01_shape_quantization/runs/phase_1b/shape_token_range_bucket_NASDAQ_1m_k12_vol_holdout_02,1B,NASDAQ,1m,12,,,vol_holdout,2,2,"[""NVDA"", ""TSLA"", ""GOOGL"", ""PLTR"", ""NFLX"", ""META"", ""AMZN"", ""AVGO"", ""MSFT"", ""SOXX"", ""QQQ"", ""AAPL""]","[""INTC"", ""MU"", ""MRVL""]","[""QCOM"", ""RKLB"", ""AMD""]",144000,36000,36000,0.08905555555555554,0.037430555555555536,0.013729166666666667,0.006173611111111116,3.482422,3.468062,3.476697,0.195511,0.196528,0.195188,0.9378333333333334,0.9310555555555556,0.27725,0.29408333333333336,2.484184,2.160799,2.180697,0.9414027777777777,0.9441111111111111,0.04460416666666667,0.04321527777777778,5.887244,5.529966,5.537456,0.09783333333333334,0.038694444444444476,0.9403611111111111,0.9434861111111112,0.048412726508246524,0.19396822473336336,0.19485102338694668,0.19406288015415887,
shape_token_range_bucket_NASDAQ_1m_k12_vol_holdout_03,/Users/choeseoggyu/portfolio/finlabs/research/notebooks/01_shape_quantization/runs/phase_1b/shape_token_range_bucket_NASDAQ_1m_k12_vol_holdout_03,1B,NASDAQ,1m,12,,,vol_holdout,3,3,"[""AVGO"", ""GOOGL"", ""META"", ""QQQ"", ""SOXX"", ""PLTR"", ""NVDA"", ""NFLX"", ""MSFT"", ""TSLA"", ""AAPL"", ""AMZN""]","[""AMD"", ""INTC"", ""MU""]","[""RKLB"", ""QCOM"", ""MRVL""]",144000,36000,36000,0.19945833333333335,0.09154166666666669,0.023791666666666666,0.01585416666666667,3.49161,3.418861,3.478649,0.194757,0.194426,0.192491,0.9080555555555556,0.9608333333333334,0.25022222222222223,0.3211111111111111,2.484184,2.14762,2.162658,0.9342083333333333,0.9883611111111111,0.03686111111111111,0.04638194444444444,5.89581,5.528909,5.460218,0.20251388888888888,0.0907222222222222,0.9349166666666666,0.9871111111111112,0.04841208224826389,0.19391318958546933,0.19418146925600102,0.19175544597525987,
shape_token_range_bucket_NASDAQ_1m_k12_vol_holdout_04,/Users/choeseoggyu/portfolio/finlabs/research/notebooks/01_shape_quantization/runs/phase_1b/shape_token_range_bucket_NASDAQ_1m_k12_vol_holdout_04,1B,NASDAQ,1m,12,,,vol_holdout,4,4,"[""PLTR"", ""NFLX"", ""QQQ"", ""META"", ""TSLA"", ""GOOGL"", ""MSFT"", ""AVGO"", ""NVDA"", ""AAPL"", ""SOXX"", ""AMZN""]","[""MU"", ""RKLB"", ""QCOM""]","[""AMD"", ""INTC"", ""MRVL""]",144000,36000,36000,0.04559722222222221,0.0804444444444444,0.008874999999999994,0.010930555555555554,3.4679,3.450446,3.469445,0.19528,0.1958,0.195764,0.9879444444444445,0.8809444444444445,0.3204444444444445,0.2508888888888889,2.484184,2.121916,2.211566,0.9915416666666668,0.8964166666666666,0.05677083333333334,0.04299305555555555,5.873529,5.456085,5.579297,0.044374999999999984,0.0887083333333333,0.9918472222222221,0.896,0.04841724310980903,0.1940124637264171,0.19495264459154468,0.19445260345659268,
shape_token_range_bucket_NASDAQ_1m_k12_vol_strat_00,/Users/choeseoggyu/portfolio/finlabs/research/notebooks/01_shape_quantization/runs/phase_1b/shape_token_range_bucket_NASDAQ_1m_k12_vol_strat_00,1B,NASDAQ,1m,12,,,vol_strat,0,0,"[""RKLB"", ""PLTR"", ""AAPL"", ""NFLX"", ""SOXX"", ""QCOM"", ""META"", ""AMZN"", ""TSLA"", ""AMD"", ""QQQ"", ""MRVL""]","[""INTC"", ""NVDA"", ""GOOGL""]","[""MSFT"", ""AVGO"", ""MU""]",144000,36000,36000,0.18350000000000002,0.06772222222222223,0.026652777777777775,0.01098611111111111,3.500898,3.435447,3.485239,0.198429,0.198496,0.198908,0.159,0.13294444444444448,0.07541666666666667,0.059000000000000025,2.484184,2.446273,2.467096,0.22562500000000002,0.15493055555555557,0.026652777777777775,0.01098611111111111,5.900237,5.84415,5.869466,0.18320833333333333,0.06448611111111113,0.22486111111111112,0.15383333333333332,0.047946431477864586,0.19364719231855723,0.19417411632953874,0.1946819771651385,
shape_token_range_bucket_NASDAQ_1m_k12_vol_strat_01,/Users/choeseoggyu/portfolio/finlabs/research/notebooks/01_shape_quantization/runs/phase_1b/shape_token_range_bucket_NASDAQ_1m_k12_vol_strat_01,1B,NASDAQ,1m,12,,,vol_strat,1,1,"[""NFLX"", ""AVGO"", ""QQQ"", ""MSFT"", ""SOXX"", ""AMD"", ""TSLA"", ""MU"", ""PLTR"", ""MRVL"", ""QCOM"", ""GOOGL""]","[""META"", ""AMZN"", ""RKLB""]","[""NVDA"", ""INTC"", ""AAPL""]",144000,36000,36000,0.05641666666666664,0.13054166666666667,0.012972222222222218,0.022,3.475093,3.455251,3.44194,0.196583,0.195966,0.196809,0.08916666666666667,0.07727777777777778,0.027499999999999997,0.034083333333333354,2.484184,2.504794,2.472244,0.12640277777777778,0.14805555555555555,0.012388888888888887,0.022,5.876437,5.899657,5.871509,0.05515277777777778,0.13911111111111107,0.1295,0.15675,0.04808887736002604,0.1940849388541395,0.19275497857241222,0.19510544895833903,
shape_token_range_bucket_NASDAQ_1m_k12_vol_strat_02,/Users/choeseoggyu/portfolio/finlabs/research/notebooks/01_shape_quantization/runs/phase_1b/shape_token_range_bucket_NASDAQ_1m_k12_vol_strat_02,1B,NASDAQ,1m,12,,,vol_strat,2,2,"[""AMD"", ""NFLX"", ""AVGO"", ""AAPL"", ""NVDA"", ""MRVL"", ""PLTR"", ""RKLB"", ""MSFT"", ""META"", ""AMZN"", ""MU""]","[""SOXX"", ""QCOM"", ""GOOGL""]","[""QQQ"", ""TSLA"", ""INTC""]",144000,36000,36000,0.17838888888888882,0.1277083333333333,0.036875,0.02170138888888888,3.493914,3.483108,3.430668,0.19575,0.192568,0.194996,0.0833888888888889,0.25166666666666665,0.03336111111111109,0.1258333333333333,2.484184,2.492437,2.402829,0.1913611111111111,0.29215277777777776,0.036875,0.019597222222222217,5.911481,5.828649,5.814021,0.17823611111111107,0.12701388888888887,0.19155555555555556,0.29313888888888884,0.049210306803385416,0.1945301523736623,0.1912853330290554,0.19375497520313556,
shape_token_range_bucket_NASDAQ_1m_k12_vol_strat_03,/Users/choeseoggyu/portfolio/finlabs/research/notebooks/01_shape_quantization/runs/phase_1b/shape_token_range_bucket_NASDAQ_1m_k12_vol_strat_03,1B,NASDAQ,1m,12,,,vol_strat,3,3,"[""NVDA"", ""MSFT"", ""INTC"", ""MU"", ""NFLX"", ""TSLA"", ""MRVL"", ""PLTR"", ""AVGO"", ""QCOM"", ""GOOGL"", ""QQQ""]","[""META"", ""AMZN"", ""RKLB""]","[""AAPL"", ""SOXX"", ""AMD""]",144000,36000,36000,0.0682638888888889,0.10890277777777779,0.014472222222222227,0.028416666666666666,3.46195,3.449267,3.478418,0.195708,0.19436,0.194714,0.06750000000000003,0.07827777777777775,0.02186111111111111,0.021444444444444433,2.484184,2.500159,2.430309,0.12625,0.16097222222222218,0.004618055555555556,0.028416666666666666,5.887562,5.889885,5.773656,0.06663888888888889,0.109125,0.12541666666666668,0.1587361111111111,0.049068484836154516,0.19465768082565538,0.19288766216378728,0.19375672377304007,
shape_token_range_bucket_NASDAQ_1m_k12_vol_strat_04,/Users/choeseoggyu/portfolio/finlabs/research/notebooks/01_shape_quantization/runs/phase_1b/shape_token_range_bucket_NASDAQ_1m_k12_vol_strat_04,1B,NASDAQ,1m,12,,,vol_strat,4,4,"[""QQQ"", ""AMZN"", ""MRVL"", ""NVDA"", ""QCOM"", ""PLTR"", ""META"", ""MSFT"", ""GOOGL"", ""INTC"", ""SOXX"", ""MU""]","[""NFLX"", ""TSLA"", ""RKLB""]","[""AMD"", ""AVGO"", ""AAPL""]",144000,36000,36000,0.03640277777777777,0.030999999999999993,0.009312500000000001,0.012513888888888894,3.481887,3.485986,3.487282,0.195825,0.195878,0.196309,0.06366666666666672,0.08438888888888886,0.02491666666666667,0.029194444444444467,2.484184,2.515801,2.450179,0.10020833333333334,0.11436111111111111,0.006333333333333333,0.00548611111111111,5.898543,5.919209,5.848261,0.035083333333333286,0.030277777777777806,0.09829166666666667,0.11434722222222224,0.04852695041232639,0.1942302103438113,0.19447187877918862,0.19427553982985565,
shape_token_range_bucket_NASDAQ_1m_k12_vol_strat_05,/Users/choeseoggyu/portfolio/finlabs/research/notebooks/01_shape_quantization/runs/phase_1b/shape_token_range_bucket_NASDAQ_1m_k12_vol_strat_05,1B,NASDAQ,1m,12,,,vol_strat,5,5,"[""PLTR"", ""NVDA"", ""GOOGL"", ""QQQ"", ""SOXX"", ""MSFT"", ""MU"", ""MRVL"", ""QCOM"", ""AAPL"", ""AMZN"", ""INTC""]","[""AMD"", ""TSLA"", ""NFLX""]","[""AVGO"", ""RKLB"", ""META""]",144000,36000,36000,0.06005555555555555,0.07199999999999997,0.01640972222222223,0.009944444444444436,3.474798,3.493568,3.476823,0.195821,0.196703,0.194389,0.10588888888888884,0.14099999999999996,0.028805555555555556,0.04597222222222222,2.484184,2.434701,2.514245,0.1310277777777778,0.17194444444444443,0.007645833333333338,0.007208333333333334,5.892078,5.844743,5.887052,0.05890277777777778,0.07359722222222226,0.13304166666666667,0.16883333333333334,0.048585517035590275,0.19442743565065024,0.195474571949943,0.19239719438445377,
shape_token_range_bucket_NASDAQ_1m_k12_vol_strat_06,/Users/choeseoggyu/portfolio/finlabs/research/notebooks/01_shape_quantization/runs/phase_1b/shape_token_range_bucket_NASDAQ_1m_k12_vol_strat_06,1B,NASDAQ,1m,12,,,vol_strat,6,6,"[""TSLA"", ""NFLX"", ""AVGO"", ""MRVL"", ""GOOGL"", ""AAPL"", ""QCOM"", ""PLTR"", ""NVDA"", ""INTC"", ""MU"", ""MSFT""]","[""AMZN"", ""RKLB"", ""QQQ""]","[""AMD"", ""META"", ""SOXX""]",144000,36000,36000,0.061999999999999965,0.08812499999999997,0.012770833333333342,0.027951388888888887,3.459835,3.420059,3.478829,0.195865,0.194885,0.193531,0.3166111111111111,0.08566666666666664,0.14833333333333332,0.03386111111111109,2.484184,2.39806,2.424461,0.3473333333333333,0.1411944444444444,0.02709722222222222,0.027951388888888887,5.880077,5.796611,5.771923,0.06129166666666668,0.09311111111111109,0.34670833333333334,0.14297222222222222,0.04910957845052083,0.19452382770472934,0.193390656750134,0.19272918886066367,
shape_token_range_bucket_NASDAQ_1m_k12_vol_strat_07,/Users/choeseoggyu/portfolio/finlabs/research/notebooks/01_shape_quantization/runs/phase_1b/shape_token_range_bucket_NASDAQ_1m_k12_vol_strat_07,1B,NASDAQ,1m,12,,,vol_strat,7,7,"[""MSFT"", ""RKLB"", ""AMZN"", ""SOXX"", ""MU"", ""META"", ""INTC"", ""QCOM"", ""TSLA"", ""AVGO"", ""QQQ"", ""GOOGL""]","[""AMD"", ""AAPL"", ""PLTR""]","[""MRVL"", ""NFLX"", ""NVDA""]",144000,36000,36000,0.09798611111111116,0.05769444444444441,0.01923611111111112,0.012736111111111115,3.494717,3.477629,3.509713,0.195265,0.196537,0.195305,0.1421111111111111,0.051666666666666666,0.05325000000000002,0.0188888888888889,2.484184,2.43371,2.46786,0.1746666666666667,0.13004166666666667,0.014736111111111111,0.012430555555555552,5.906842,5.859041,5.865778,0.09938888888888889,0.05295833333333336,0.1755138888888889,0.13088888888888886,0.048468105740017364,0.19429234693683514,0.19568501242109126,0.19438240755272654,
shape_token_range_bucket_NASDAQ_1m_k12_vol_strat_08,/Users/choeseoggyu/portfolio/finlabs/research/notebooks/01_shape_quantization/runs/phase_1b/shape_token_range_bucket_NASDAQ_1m_k12_vol_strat_08,1B,NASDAQ,1m,12,,,vol_strat,8,8,"[""QQQ"", ""PLTR"", ""NVDA"", ""RKLB"", ""INTC"", ""META"", ""MRVL"", ""GOOGL"", ""AMD"", ""AVGO"", ""MSFT"", ""AMZN""]","[""QCOM"", ""NFLX"", ""TSLA""]","[""MU"", ""SOXX"", ""AAPL""]",144000,36000,36000,0.08194444444444444,0.130125,0.020430555555555556,0.03209722222222222,3.456234,3.473718,3.464852,0.197185,0.196897,0.197451,0.02944444444444446,0.04455555555555555,0.011222222222222245,0.01813888888888887,2.484184,2.499575,2.47576,0.101,0.14793055555555554,0.020430555555555556,0.03209722222222222,5.89416,5.872242,5.805239,0.07568055555555554,0.1311388888888889,0.10276388888888889,0.14590277777777777,0.04920693630642361,0.2108554912995265,0.21419206411410807,0.2144903939433741,
shape_token_range_bucket_NASDAQ_1m_k12_vol_strat_09,/Users/choeseoggyu/portfolio/finlabs/research/notebooks/01_shape_quantization/runs/phase_1b/shape_token_range_bucket_NASDAQ_1m_k12_vol_strat_09,1B,NASDAQ,1m,12,,,vol_strat,9,9,"[""QCOM"", ""QQQ"", ""RKLB"", ""GOOGL"", ""AVGO"", ""AAPL"", ""TSLA"", ""PLTR"", ""MU"", ""NFLX"", ""AMD"", ""AMZN""]","[""MRVL"", ""SOXX"", ""META""]","[""MSFT"", ""INTC"", ""NVDA""]",144000,36000,36000,0.18705555555555553,0.14541666666666667,0.04439583333333333,0.02005555555555555,3.488926,3.490094,3.442528,0.195558,0.191636,0.195754,0.037888888888888896,0.09899999999999998,0.017361111111111105,0.041166666666666685,2.484184,2.47023,2.460294,0.21168055555555557,0.17504166666666665,0.04439583333333333,0.01657638888888889,5.913516,5.786811,5.869642,0.1832083333333333,0.14520833333333338,0.20556944444444447,0.17009722222222223,0.049158976236979166,0.19425268631444378,0.18974068998521323,0.19415953695500276,
