run_id,run_dir,phase,market,interval,codebook_size,split_family,split_index,split_seed,train_symbols,val_symbols,test_symbols,train_candles,val_candles,test_candles,shape_val_train_l1,shape_test_train_l1,shape_val_train_max_diff,shape_test_train_max_diff,shape_train_entropy,shape_val_entropy,shape_test_entropy,shape_train_mean_sc,shape_val_mean_sc,shape_test_mean_sc,range_val_train_l1,range_test_train_l1,range_val_train_max_diff,range_test_train_max_diff,range_train_entropy,range_val_entropy,range_test_entropy,pair_val_train_l1,pair_test_train_l1,pair_val_train_max_diff,pair_test_train_max_diff,pair_train_entropy,pair_val_entropy,pair_test_entropy,kmeans_shape_val_train_l1,kmeans_shape_test_train_l1,kmeans_pair_val_train_l1,kmeans_pair_test_train_l1,kmeans_inertia_per_sample,kmeans_shape_mean_sc_train,kmeans_shape_mean_sc_val,kmeans_shape_mean_sc_test,notes
shape_token_range_bucket_NASDAQ_1m_k12_random_00,/Users/choeseoggyu/portfolio/finlabs/research/notebooks/01_shape_quantization/runs/phase_1b/shape_token_range_bucket_NASDAQ_1m_k12_random_00,1B,NASDAQ,1m,12,random,0,0,"[""NFLX"", ""RKLB"", ""AAPL"", ""QCOM"", ""NVDA"", ""QQQ"", ""AVGO"", ""TSLA"", ""META"", ""MRVL"", ""SOXX"", ""GOOGL""]","[""AMD"", ""INTC""]","[""AMZN"", ""MSFT"", ""MU"", ""PLTR""]",144000,24000,48000,0.2339027777777778,0.13476388888888888,0.036576388888888894,0.026298611111111113,3.496803,3.432376,3.459218,0.195514,0.195339,0.196496,0.7025000000000001,0.175,0.1855416666666667,0.08293750000000001,2.484184,2.22484,2.442013,0.7053472222222222,0.21929166666666666,0.030361111111111113,0.026298611111111113,5.889635,5.617545,5.853916,0.2362638888888889,0.13043055555555555,0.7037083333333334,0.21695833333333336,0.04746518283420139,0.19316983305417867,0.19395801195535378,0.1951327064278613,
shape_token_range_bucket_NASDAQ_1m_k12_random_01,/Users/choeseoggyu/portfolio/finlabs/research/notebooks/01_shape_quantization/runs/phase_1b/shape_token_range_bucket_NASDAQ_1m_k12_random_01,1B,NASDAQ,1m,12,random,1,1,"[""AVGO"", ""META"", ""QCOM"", ""MRVL"", ""RKLB"", ""AAPL"", ""QQQ"", ""SOXX"", ""TSLA"", ""GOOGL"", ""NFLX"", ""MU""]","[""PLTR"", ""AMD""]","[""MSFT"", ""INTC"", ""NVDA"", ""AMZN""]",144000,24000,48000,0.19477777777777777,0.14830555555555558,0.03545138888888889,0.027222222222222224,3.242668,3.179016,3.18547,0.209916,0.212174,0.21054,0.42658333333333337,0.19933333333333328,0.14895833333333336,0.058958333333333335,2.484184,2.320829,2.406284,0.4562777777777778,0.22555555555555554,0.02876388888888889,0.027222222222222224,5.638084,5.461705,5.556151,0.20077777777777778,0.15990277777777778,0.4532222222222222,0.23025,0.047422003851996526,0.19318539959521205,0.1955965990151994,0.19443213407736692,
shape_token_range_bucket_NASDAQ_1m_k12_random_02,/Users/choeseoggyu/portfolio/finlabs/research/notebooks/01_shape_quantization/runs/phase_1b/shape_token_range_bucket_NASDAQ_1m_k12_random_02,1B,NASDAQ,1m,12,random,2,2,"[""SOXX"", ""PLTR"", ""AMD"", ""MRVL"", ""GOOGL"", ""AAPL"", ""INTC"", ""TSLA"", ""RKLB"", ""AMZN"", ""AVGO"", ""NFLX""]","[""QQQ"", ""MU""]","[""META"", ""QCOM"", ""NVDA"", ""MSFT""]",144000,24000,48000,0.14043055555555556,0.05362500000000001,0.025194444444444443,0.010694444444444444,3.498305,3.427252,3.490987,0.195777,0.195302,0.195724,0.3804305555555556,0.16300000000000006,0.1778402777777778,0.04746527777777779,2.484184,2.355777,2.434593,0.4505,0.19279166666666664,0.026090277777777778,0.010694444444444444,5.897143,5.764693,5.871662,0.15431944444444443,0.051083333333333335,0.4520694444444445,0.19313888888888886,0.04824176364474826,0.19390793141030363,0.1946727353598504,0.1942311600976366,
shape_token_range_bucket_NASDAQ_1m_k12_random_03,/Users/choeseoggyu/portfolio/finlabs/research/notebooks/01_shape_quantization/runs/phase_1b/shape_token_range_bucket_NASDAQ_1m_k12_random_03,1B,NASDAQ,1m,12,random,3,3,"[""INTC"", ""TSLA"", ""GOOGL"", ""META"", ""QQQ"", ""QCOM"", ""NVDA"", ""PLTR"", ""AAPL"", ""MSFT"", ""MU"", ""AVGO""]","[""MRVL"", ""RKLB""]","[""SOXX"", ""NFLX"", ""AMZN"", ""AMD""]",144000,24000,48000,0.12872222222222224,0.14693055555555556,0.017569444444444443,0.035861111111111114,3.473366,3.472484,3.495885,0.196707,0.194212,0.195263,0.7286666666666668,0.06458333333333327,0.19495833333333332,0.01735416666666667,2.484184,2.318864,2.436008,0.7734722222222222,0.20043055555555556,0.02627083333333333,0.035861111111111114,5.908988,5.637675,5.783553,0.10555555555555557,0.1222638888888889,0.7648333333333333,0.19558333333333333,0.04912501017252604,0.2109232900504412,0.2126361754227107,0.2132096751151449,
shape_token_range_bucket_NASDAQ_1m_k12_random_04,/Users/choeseoggyu/portfolio/finlabs/research/notebooks/01_shape_quantization/runs/phase_1b/shape_token_range_bucket_NASDAQ_1m_k12_random_04,1B,NASDAQ,1m,12,random,4,4,"[""PLTR"", ""QQQ"", ""META"", ""QCOM"", ""INTC"", ""SOXX"", ""AMZN"", ""MU"", ""AAPL"", ""AVGO"", ""MSFT"", ""NVDA""]","[""MRVL"", ""GOOGL""]","[""NFLX"", ""TSLA"", ""RKLB"", ""AMD""]",144000,24000,48000,0.07887499999999999,0.050361111111111106,0.011090277777777768,0.010979166666666665,3.48983,3.483303,3.494331,0.195677,0.192933,0.196141,0.13473611111111108,0.23102777777777778,0.050666666666666665,0.06625,2.484187,2.528923,2.520899,0.17556944444444442,0.23229166666666667,0.00829861111111111,0.010854166666666668,5.902503,5.915698,5.935635,0.07994444444444442,0.0502638888888889,0.1765972222222222,0.23262499999999997,0.048516398111979164,0.19433038929334812,0.1915861718046121,0.19496472294007774,
shape_token_range_bucket_NASDAQ_1m_k12_random_05,/Users/choeseoggyu/portfolio/finlabs/research/notebooks/01_shape_quantization/runs/phase_1b/shape_token_range_bucket_NASDAQ_1m_k12_random_05,1B,NASDAQ,1m,12,random,5,5,"[""AMZN"", ""RKLB"", ""GOOGL"", ""META"", ""SOXX"", ""QCOM"", ""MRVL"", ""MSFT"", ""NVDA"", ""QQQ"", ""AVGO"", ""TSLA""]","[""PLTR"", ""AMD""]","[""MU"", ""AAPL"", ""NFLX"", ""INTC""]",144000,24000,48000,0.17636111111111108,0.0649861111111111,0.03034722222222222,0.008395833333333338,3.475411,3.430635,3.467525,0.193272,0.195673,0.195392,0.46066666666666667,0.1800416666666667,0.14800000000000002,0.05081250000000001,2.484184,2.330078,2.511376,0.4902916666666667,0.2001388888888889,0.02401388888888889,0.008666666666666668,5.88239,5.716924,5.890092,0.17656944444444447,0.06904166666666663,0.4916388888888889,0.20472222222222222,0.04788340928819444,0.1932488198362787,0.19571208818569108,0.19545491788735217,
shape_token_range_bucket_NASDAQ_1m_k12_random_06,/Users/choeseoggyu/portfolio/finlabs/research/notebooks/01_shape_quantization/runs/phase_1b/shape_token_range_bucket_NASDAQ_1m_k12_random_06,1B,NASDAQ,1m,12,random,6,6,"[""AMZN"", ""MSFT"", ""NFLX"", ""TSLA"", ""PLTR"", ""MU"", ""GOOGL"", ""QCOM"", ""META"", ""AMD"", ""RKLB"", ""AVGO""]","[""MRVL"", ""SOXX""]","[""AAPL"", ""INTC"", ""QQQ"", ""NVDA""]",144000,24000,48000,0.27408333333333335,0.09334722222222222,0.06514583333333333,0.01430555555555555,3.355087,3.349254,3.297274,0.201701,0.196175,0.202177,0.18724999999999997,0.28125,0.06725,0.13808333333333334,2.484184,2.496025,2.351034,0.37274999999999997,0.32477777777777783,0.06514583333333333,0.02420138888888889,5.774313,5.601697,5.623692,0.27888888888888885,0.09493055555555552,0.3782777777777778,0.3257916666666667,0.0492149658203125,0.19452749342290077,0.18923507776207948,0.19503192593554494,
shape_token_range_bucket_NASDAQ_1m_k12_random_07,/Users/choeseoggyu/portfolio/finlabs/research/notebooks/01_shape_quantization/runs/phase_1b/shape_token_range_bucket_NASDAQ_1m_k12_random_07,1B,NASDAQ,1m,12,random,7,7,"[""SOXX"", ""NVDA"", ""RKLB"", ""QCOM"", ""AMD"", ""GOOGL"", ""NFLX"", ""TSLA"", ""MU"", ""META"", ""QQQ"", ""INTC""]","[""MSFT"", ""AAPL""]","[""MRVL"", ""PLTR"", ""AMZN"", ""AVGO""]",144000,24000,48000,0.06695833333333334,0.07980555555555557,0.019229166666666672,0.015937500000000007,3.459908,3.445696,3.465416,0.197034,0.196916,0.19612,0.5296666666666667,0.1469583333333333,0.14158333333333334,0.054854166666666676,2.484184,2.054646,2.436782,0.5580833333333334,0.19255555555555554,0.02042361111111111,0.007465277777777779,5.874117,5.45494,5.799741,0.067125,0.08434722222222218,0.55525,0.19243055555555558,0.048677866617838544,0.1946309231505482,0.19399267825125455,0.1932031134241066,
shape_token_range_bucket_NASDAQ_1m_k12_random_08,/Users/choeseoggyu/portfolio/finlabs/research/notebooks/01_shape_quantization/runs/phase_1b/shape_token_range_bucket_NASDAQ_1m_k12_random_08,1B,NASDAQ,1m,12,random,8,8,"[""AMZN"", ""RKLB"", ""AVGO"", ""GOOGL"", ""QQQ"", ""META"", ""MRVL"", ""INTC"", ""MU"", ""SOXX"", ""MSFT"", ""AAPL""]","[""QCOM"", ""TSLA""]","[""NVDA"", ""PLTR"", ""NFLX"", ""AMD""]",144000,24000,48000,0.05236111111111111,0.11230555555555552,0.008909722222222222,0.022951388888888882,3.494315,3.485493,3.492799,0.19333,0.193572,0.194842,0.2735000000000001,0.17679166666666668,0.06716666666666668,0.06441666666666668,2.484184,2.507409,2.411496,0.2827638888888889,0.20976388888888886,0.012840277777777777,0.013381944444444443,5.902368,5.90848,5.826681,0.045194444444444475,0.11361111111111108,0.2835972222222222,0.2067638888888889,0.04807046847873264,0.1932112596831573,0.19410024470338047,0.195518645865962,
shape_token_range_bucket_NASDAQ_1m_k12_random_09,/Users/choeseoggyu/portfolio/finlabs/research/notebooks/01_shape_quantization/runs/phase_1b/shape_token_range_bucket_NASDAQ_1m_k12_random_09,1B,NASDAQ,1m,12,random,9,9,"[""TSLA"", ""RKLB"", ""GOOGL"", ""QCOM"", ""PLTR"", ""AMZN"", ""MU"", ""MSFT"", ""AMD"", ""QQQ"", ""META"", ""AAPL""]","[""AVGO"", ""MRVL""]","[""NVDA"", ""INTC"", ""NFLX"", ""SOXX""]",144000,24000,48000,0.19263888888888892,0.10290277777777776,0.03752777777777778,0.03338194444444444,3.459257,3.474754,3.495363,0.19468,0.191565,0.194806,0.33591666666666664,0.07108333333333328,0.08375,0.019374999999999976,2.484184,2.461978,2.450843,0.4363333333333333,0.16406944444444443,0.03752777777777778,0.03338194444444444,5.900524,5.74325,5.805084,0.16056944444444446,0.10268055555555554,0.42219444444444443,0.1592222222222222,0.04887327745225695,0.2095962805327152,0.2108428928732121,0.2152946881343917,
shape_token_range_bucket_NASDAQ_1m_k12_random_10,/Users/choeseoggyu/portfolio/finlabs/research/notebooks/01_shape_quantization/runs/phase_1b/shape_token_range_bucket_NASDAQ_1m_k12_random_10,1B,NASDAQ,1m,12,random,10,10,"[""GOOGL"", ""MRVL"", ""META"", ""AVGO"", ""INTC"", ""PLTR"", ""SOXX"", ""QCOM"", ""NVDA"", ""AMZN"", ""NFLX"", ""AMD""]","[""TSLA"", ""AAPL""]","[""RKLB"", ""QQQ"", ""MU"", ""MSFT""]",144000,24000,48000,0.10481944444444447,0.09331944444444448,0.02086111111111111,0.025048611111111112,3.505227,3.470925,3.444914,0.197909,0.198366,0.198874,0.35244444444444445,0.26425,0.10504166666666664,0.08485416666666667,2.484184,2.237671,2.487457,0.420375,0.3143472222222222,0.02086111111111111,0.025048611111111112,5.894707,5.661519,5.911243,0.09784722222222224,0.09176388888888885,0.4159027777777778,0.3143472222222222,0.047950998942057295,0.19359859542155822,0.1952515799087875,0.19447160816254175,
shape_token_range_bucket_NASDAQ_1m_k12_random_11,/Users/choeseoggyu/portfolio/finlabs/research/notebooks/01_shape_quantization/runs/phase_1b/shape_token_range_bucket_NASDAQ_1m_k12_random_11,1B,NASDAQ,1m,12,random,11,11,"[""META"", ""AMZN"", ""GOOGL"", ""MSFT"", ""PLTR"", ""NFLX"", ""AAPL"", ""AVGO"", ""AMD"", ""QQQ"", ""NVDA"", ""TSLA""]","[""RKLB"", ""MU""]","[""INTC"", ""QCOM"", ""MRVL"", ""SOXX""]",144000,24000,48000,0.06698611111111112,0.16734722222222223,0.011618055555555548,0.03734722222222222,3.47051,3.441575,3.475575,0.195198,0.195344,0.193609,0.9358333333333333,0.651375,0.2627916666666667,0.17099999999999999,2.484184,2.132908,2.421805,0.9444027777777777,0.7415555555555555,0.0418125,0.03734722222222222,5.898421,5.515867,5.67746,0.05908333333333333,0.15086111111111108,0.9444027777777777,0.7318472222222222,0.04952483452690972,0.21157914393321178,0.20778819918085312,0.21200335415998828,
shape_token_range_bucket_NASDAQ_1m_k12_random_12,/Users/choeseoggyu/portfolio/finlabs/research/notebooks/01_shape_quantization/runs/phase_1b/shape_token_range_bucket_NASDAQ_1m_k12_random_12,1B,NASDAQ,1m,12,random,12,12,"[""MRVL"", ""SOXX"", ""QCOM"", ""MSFT"", ""MU"", ""PLTR"", ""RKLB"", ""TSLA"", ""AVGO"", ""AMZN"", ""AMD"", ""META""]","[""AAPL"", ""GOOGL""]","[""NVDA"", ""NFLX"", ""INTC"", ""QQQ""]",144000,24000,48000,0.053291666666666675,0.07863888888888888,0.014124999999999999,0.01613888888888889,3.468305,3.435525,3.442786,0.196412,0.19612,0.19722,0.6137500000000001,0.3550416666666667,0.17229166666666668,0.15664583333333332,2.484184,1.987876,2.295847,0.642,0.3856388888888889,0.029097222222222226,0.023909722222222228,5.87045,5.38472,5.700064,0.05202777777777776,0.08498611111111112,0.6434166666666667,0.38608333333333333,0.048331763373480906,0.19404363444579728,0.19340392079140833,0.19510868138327744,
shape_token_range_bucket_NASDAQ_1m_k12_random_13,/Users/choeseoggyu/portfolio/finlabs/research/notebooks/01_shape_quantization/runs/phase_1b/shape_token_range_bucket_NASDAQ_1m_k12_random_13,1B,NASDAQ,1m,12,random,13,13,"[""GOOGL"", ""PLTR"", ""QQQ"", ""AAPL"", ""MRVL"", ""AMD"", ""AMZN"", ""MSFT"", ""QCOM"", ""NFLX"", ""MU"", ""NVDA""]","[""SOXX"", ""TSLA""]","[""AVGO"", ""META"", ""RKLB"", ""INTC""]",144000,24000,48000,0.13802777777777775,0.024958333333333353,0.0426875,0.004291666666666666,3.489478,3.51234,3.49606,0.199458,0.197832,0.198752,0.15133333333333332,0.305,0.043208333333333335,0.08135416666666667,2.484184,2.364689,2.503142,0.23526388888888886,0.31583333333333335,0.0426875,0.010041666666666667,5.917697,5.710872,5.903301,0.14351388888888886,0.022097222222222213,0.24155555555555555,0.31769444444444445,0.04934744262695313,0.19397851467033647,0.19239355016837753,0.19385242618011678,
shape_token_range_bucket_NASDAQ_1m_k12_random_14,/Users/choeseoggyu/portfolio/finlabs/research/notebooks/01_shape_quantization/runs/phase_1b/shape_token_range_bucket_NASDAQ_1m_k12_random_14,1B,NASDAQ,1m,12,random,14,14,"[""NVDA"", ""INTC"", ""AVGO"", ""AAPL"", ""GOOGL"", ""MRVL"", ""META"", ""RKLB"", ""MU"", ""QQQ"", ""MSFT"", ""PLTR""]","[""SOXX"", ""NFLX""]","[""AMZN"", ""AMD"", ""QCOM"", ""TSLA""]",144000,24000,48000,0.3004444444444444,0.04169444444444449,0.0745625,0.007597222222222227,3.472348,3.438906,3.483129,0.196366,0.192124,0.195836,0.3316666666666666,0.16629166666666662,0.08949999999999997,0.059729166666666667,2.484184,2.245823,2.488965,0.4207777777777778,0.17779166666666663,0.0745625,0.010444444444444444,5.908334,5.484287,5.909287,0.2640277777777778,0.03886111111111114,0.416,0.17758333333333332,0.04925639512803819,0.2114486659615975,0.20316402095129504,0.21186512478773314,
shape_token_range_bucket_NASDAQ_1m_k12_random_15,/Users/choeseoggyu/portfolio/finlabs/research/notebooks/01_shape_quantization/runs/phase_1b/shape_token_range_bucket_NASDAQ_1m_k12_random_15,1B,NASDAQ,1m,12,random,15,15,"[""MRVL"", ""AMZN"", ""QQQ"", ""INTC"", ""AMD"", ""RKLB"", ""NFLX"", ""MU"", ""META"", ""SOXX"", ""AVGO"", ""PLTR""]","[""QCOM"", ""TSLA""]","[""NVDA"", ""MSFT"", ""AAPL"", ""GOOGL""]",144000,24000,48000,0.0492222222222222,0.09333333333333332,0.00784027777777778,0.020618055555555556,3.490847,3.483663,3.463393,0.195807,0.195457,0.196337,0.14208333333333334,0.4791249999999999,0.04029166666666667,0.14452083333333332,2.484184,2.519764,2.117832,0.16186111111111112,0.5331666666666667,0.010451388888888889,0.020618055555555556,5.890839,5.926973,5.540515,0.03895833333333333,0.09174999999999997,0.1585138888888889,0.5334861111111111,0.048126074896918405,0.19387642780625494,0.19446057109991596,0.19452378760277364,
shape_token_range_bucket_NASDAQ_1m_k12_random_16,/Users/choeseoggyu/portfolio/finlabs/research/notebooks/01_shape_quantization/runs/phase_1b/shape_token_range_bucket_NASDAQ_1m_k12_random_16,1B,NASDAQ,1m,12,random,16,16,"[""INTC"", ""MRVL"", ""RKLB"", ""NVDA"", ""AVGO"", ""MSFT"", ""META"", ""PLTR"", ""SOXX"", ""MU"", ""AAPL"", ""AMD""]","[""TSLA"", ""GOOGL""]","[""AMZN"", ""QCOM"", ""QQQ"", ""NFLX""]",144000,24000,48000,0.0851944444444444,0.10091666666666668,0.019770833333333335,0.015256944444444448,3.489802,3.448457,3.468415,0.196511,0.196308,0.195278,0.415,0.4135833333333333,0.10104166666666664,0.1893125,2.484184,2.187015,2.263791,0.4690972222222222,0.42252777777777784,0.019770833333333335,0.03031944444444444,5.899536,5.598971,5.68572,0.08668055555555555,0.09997222222222224,0.4672777777777778,0.4244027777777778,0.04873573811848958,0.19447011882688556,0.19423486918617028,0.19300879996907974,
shape_token_range_bucket_NASDAQ_1m_k12_random_17,/Users/choeseoggyu/portfolio/finlabs/research/notebooks/01_shape_quantization/runs/phase_1b/shape_token_range_bucket_NASDAQ_1m_k12_random_17,1B,NASDAQ,1m,12,random,17,17,"[""AMD"", ""GOOGL"", ""QQQ"", ""PLTR"", ""SOXX"", ""TSLA"", ""AVGO"", ""AAPL"", ""MSFT"", ""MRVL"", ""INTC"", ""NFLX""]","[""NVDA"", ""AMZN""]","[""META"", ""RKLB"", ""MU"", ""QCOM""]",144000,24000,48000,0.10720833333333335,0.024111111111111118,0.01896527777777778,0.006777777777777778,3.487195,3.46186,3.473401,0.195809,0.196357,0.195565,0.24274999999999997,0.4863333333333334,0.06562499999999999,0.12762500000000002,2.484184,2.336278,2.49099,0.26740277777777777,0.4873333333333334,0.01896527777777778,0.017069444444444443,5.890945,5.756797,5.870449,0.10341666666666664,0.019277777777777776,0.26769444444444446,0.4877222222222223,0.04828456285264757,0.19398629287141567,0.19516552668999065,0.19427205693158803,
shape_token_range_bucket_NASDAQ_1m_k12_random_18,/Users/choeseoggyu/portfolio/finlabs/research/notebooks/01_shape_quantization/runs/phase_1b/shape_token_range_bucket_NASDAQ_1m_k12_random_18,1B,NASDAQ,1m,12,random,18,18,"[""AMZN"", ""AAPL"", ""QQQ"", ""MSFT"", ""GOOGL"", ""PLTR"", ""INTC"", ""RKLB"", ""NVDA"", ""NFLX"", ""AVGO"", ""AMD""]","[""MU"", ""QCOM""]","[""MRVL"", ""SOXX"", ""TSLA"", ""META""]",144000,24000,48000,0.07002777777777779,0.11533333333333336,0.0115763888888889,0.03236805555555555,3.448147,3.440865,3.466591,0.197061,0.197236,0.195159,0.72825,0.05254166666666666,0.20358333333333337,0.017791666666666678,2.484184,2.303556,2.487015,0.7433611111111111,0.15140277777777778,0.032125,0.03236805555555555,5.882163,5.622248,5.81882,0.06612500000000002,0.11320833333333331,0.7335555555555555,0.15619444444444447,0.04940823025173611,0.21165637947758167,0.21417731429509781,0.21234397031088836,
shape_token_range_bucket_NASDAQ_1m_k12_random_19,/Users/choeseoggyu/portfolio/finlabs/research/notebooks/01_shape_quantization/runs/phase_1b/shape_token_range_bucket_NASDAQ_1m_k12_random_19,1B,NASDAQ,1m,12,random,19,19,"[""AMD"", ""PLTR"", ""MRVL"", ""NFLX"", ""MU"", ""AVGO"", ""AAPL"", ""RKLB"", ""NVDA"", ""AMZN"", ""SOXX"", ""META""]","[""GOOGL"", ""QQQ""]","[""INTC"", ""TSLA"", ""QCOM"", ""MSFT""]",144000,24000,48000,0.06655555555555556,0.08476388888888886,0.0235,0.016854166666666667,3.486072,3.416869,3.466161,0.196805,0.196227,0.197064,0.72925,0.122375,0.30149999999999993,0.03483333333333333,2.484184,1.82251,2.524532,0.77625,0.1536111111111111,0.04481944444444445,0.016854166666666667,5.881553,5.224667,5.938239,0.06620833333333329,0.08833333333333335,0.7762777777777778,0.15213888888888888,0.048261471218532984,0.19413545158439707,0.1931823032709358,0.19449268546662501,
